Elapsed_Time_s,Gaze_X_Left,Gaze_Y_Left,Gaze_X_Right,Gaze_Y_Right,Gaze_X_Average,Gaze_Y_Average,Pupil_Diameter_Left,Pupil_Diameter_Right,Validity_Left,Validity_Right,Looking_At_Interviewer,Eye_Movement_Type
0.000,nan,nan,nan,nan,nan,nan,nan,nan,0,0,False,Unknown
0.016,nan,nan,nan,nan,nan,nan,nan,nan,0,0,False,Saccade
0.058,nan,nan,nan,nan,nan,nan,nan,nan,0,0,False,Saccade
0.074,0.18881921470165253,0.28963905572891235,0.11084742099046707,0.10858108848333359,0.1498333178460598,0.19911007210612297,4.090484619140625,4.520172119140625,1,1,False,Saccade
0.091,0.20022419095039368,0.31831419467926025,0.15036001801490784,0.1581319272518158,0.17529210448265076,0.23822306096553802,3.8645477294921875,4.2966461181640625,1,1,False,Fixation
0.108,0.26809564232826233,0.49137791991233826,0.2054423987865448,0.35803136229515076,0.23676902055740356,0.4247046411037445,3.37109375,3.7854156494140625,1,1,False,Fixation
0.124,0.2660084068775177,0.49688899517059326,0.21120154857635498,0.3586577773094177,0.23860497772693634,0.4277733862400055,3.375640869140625,3.7805023193359375,1,1,False,Fixation
0.141,0.2668831944465637,0.5001345276832581,0.2094901204109192,0.3561640679836273,0.23818665742874146,0.4281492978334427,3.368621826171875,3.7819976806640625,1,1,False,Fixation
0.158,0.26418980956077576,0.4978705942630768,0.20467233657836914,0.35646936297416687,0.23443107306957245,0.4271699786186218,3.3665924072265625,3.793487548828125,1,1,False,Fixation
0.174,0.26579585671424866,0.5082530379295349,0.20122143626213074,0.36192068457603455,0.2335086464881897,0.43508686125278473,3.3830718994140625,3.803680419921875,1,1,False,Fixation
0.191,0.2596698999404907,0.4993593394756317,0.20244674384593964,0.34499290585517883,0.23105832189321518,0.4221761226654053,3.3873291015625,3.8017730712890625,1,1,False,Fixation
0.207,0.2582082152366638,0.4949200451374054,0.20911017060279846,0.3529362380504608,0.23365919291973114,0.4239281415939331,3.401458740234375,3.8140716552734375,1,1,False,Fixation
0.224,0.2603474259376526,0.49363628029823303,0.20893388986587524,0.35338765382766724,0.23464065790176392,0.42351196706295013,3.406158447265625,3.8162078857421875,1,1,False,Fixation
0.241,0.25840941071510315,0.49498796463012695,0.20639564096927643,0.34913119673728943,0.2324025258421898,0.4220595806837082,3.402862548828125,3.8260650634765625,1,1,False,Fixation
0.257,0.2627163529396057,0.4988195300102234,0.2051282823085785,0.35574793815612793,0.2339223176240921,0.42728373408317566,3.402740478515625,3.83123779296875,1,1,False,Fixation
0.274,0.278473824262619,0.4953871965408325,0.216262087225914,0.3442347049713135,0.2473679557442665,0.419810950756073,3.4152679443359375,3.8305206298828125,1,1,False,Fixation
0.291,0.3423372507095337,0.3836211562156677,0.30666401982307434,0.23144906759262085,0.324500635266304,0.3075351119041443,3.43731689453125,3.8315277099609375,1,1,False,Fixation
0.307,0.3811706304550171,0.3448542356491089,0.3371273875236511,0.20082548260688782,0.3591490089893341,0.27283985912799835,3.4148406982421875,3.8323211669921875,1,1,False,Fixation
0.324,0.3840104639530182,0.33668845891952515,0.3384302258491516,0.20107059180736542,0.3612203449010849,0.2688795253634453,3.404083251953125,3.8350830078125,1,1,False,Fixation
0.341,0.3843644857406616,0.33201462030410767,0.3269011080265045,0.20535776019096375,0.35563279688358307,0.2686861902475357,3.3826904296875,3.8170623779296875,1,1,False,Fixation
0.357,0.38215315341949463,0.34057608246803284,0.3258737623691559,0.20226407051086426,0.35401345789432526,0.27142007648944855,3.37103271484375,3.8252410888671875,1,1,False,Fixation
0.374,0.3851725161075592,0.34059348702430725,0.3258677124977112,0.20403289794921875,0.3555201143026352,0.272313192486763,3.3727569580078125,3.8199005126953125,1,1,False,Fixation
0.391,0.3842587471008301,0.34554341435432434,0.32357823848724365,0.21506626904010773,0.35391849279403687,0.28030484169721603,3.352081298828125,3.81219482421875,1,1,False,Fixation
0.407,0.38504600524902344,0.3437795042991638,0.3237365186214447,0.2108777016401291,0.35439126193523407,0.27732860296964645,3.355621337890625,3.8119964599609375,1,1,False,Fixation
0.424,0.3809810280799866,0.3543165624141693,0.3261612057685852,0.2072274088859558,0.3535711169242859,0.28077198565006256,3.3546905517578125,3.80712890625,1,1,False,Fixation
0.441,0.38176536560058594,0.34736233949661255,0.32225704193115234,0.20745670795440674,0.35201120376586914,0.27740952372550964,3.347503662109375,3.79168701171875,1,1,False,Fixation
0.457,0.38196930289268494,0.3333280384540558,0.3201661705970764,0.21669359505176544,0.3510677367448807,0.2750108167529106,3.31597900390625,3.7939453125,1,1,False,Fixation
0.474,0.384145051240921,0.33537784218788147,0.32247456908226013,0.212982639670372,0.3533098101615906,0.27418024092912674,3.3266448974609375,3.78704833984375,1,1,False,Fixation
0.491,0.38623058795928955,0.3365703523159027,0.32324352860450745,0.2133902609348297,0.3547370582818985,0.2749803066253662,3.31805419921875,3.800567626953125,1,1,False,Fixation
0.507,0.3892838656902313,0.33488768339157104,0.3268295228481293,0.21233007311820984,0.3580566942691803,0.27360887825489044,3.3088836669921875,3.7852020263671875,1,1,False,Fixation
0.524,0.39008891582489014,0.3346339166164398,0.32405057549476624,0.21287961304187775,0.3570697456598282,0.2737567648291588,3.292449951171875,3.76702880859375,1,1,False,Fixation
0.541,0.38924503326416016,0.34097903966903687,0.32166561484336853,0.21119879186153412,0.35545532405376434,0.2760889157652855,3.293212890625,3.758209228515625,1,1,False,Fixation
0.557,0.3875751495361328,0.35337668657302856,0.3244583308696747,0.2144075483083725,0.35601674020290375,0.28389211744070053,3.32452392578125,3.7465362548828125,1,1,False,Fixation
0.574,0.38212159276008606,0.3361945152282715,0.324389785528183,0.22407573461532593,0.3532556891441345,0.2801351249217987,3.3076934814453125,3.7575836181640625,1,1,False,Fixation
0.591,0.38240286707878113,0.33413368463516235,0.3259556293487549,0.2036978006362915,0.354179248213768,0.26891574263572693,3.308502197265625,3.743896484375,1,1,False,Fixation
0.607,0.38912466168403625,0.348798930644989,0.32815152406692505,0.22750338912010193,0.35863809287548065,0.28815115988254547,3.3048858642578125,3.7597808837890625,1,1,False,Fixation
0.624,0.41101065278053284,0.4437297582626343,0.34597909450531006,0.3032200038433075,0.37849487364292145,0.3734748810529709,3.3378448486328125,3.7902374267578125,1,1,False,Fixation
0.641,0.5020807385444641,0.7134435772895813,0.44235724210739136,0.6281275749206543,0.47221899032592773,0.6707855761051178,3.366058349609375,3.8079833984375,1,1,False,Fixation
0.657,0.5736005902290344,0.9803386926651001,0.5095394253730774,0.8634673357009888,0.5415700078010559,0.9219030141830444,3.353790283203125,3.79840087890625,1,1,False,Fixation
0.674,0.6019707322120667,1.0494540929794312,0.5488246083259583,0.9206320643424988,0.5753976702690125,0.985043078660965,3.3799591064453125,3.8276214599609375,1,1,False,Fixation
0.690,0.6152873039245605,1.0791139602661133,0.5729062557220459,0.9608628153800964,0.5940967798233032,1.0199883878231049,3.3927154541015625,3.821624755859375,1,1,False,Fixation
0.707,0.6107258200645447,1.0638549327850342,0.5758428573608398,0.9676518440246582,0.5932843387126923,1.0157533884048462,3.37530517578125,3.806884765625,1,1,False,Fixation
0.724,0.6117310523986816,1.0750800371170044,0.5749289393424988,0.9658166170120239,0.5933299958705902,1.0204483270645142,3.3382568359375,3.7992706298828125,1,1,False,Fixation
0.740,0.6164914965629578,1.0766000747680664,0.5763465166091919,0.9685249328613281,0.5964190065860748,1.0225625038146973,3.3465423583984375,3.7941741943359375,1,1,False,Fixation
0.757,0.6105354428291321,1.0685644149780273,0.5771687030792236,0.9504271149635315,0.5938520729541779,1.0094957649707794,3.3694000244140625,3.802398681640625,1,1,False,Fixation
0.774,0.6119212508201599,1.075140118598938,0.5732420086860657,0.9550742506980896,0.5925816297531128,1.0151071846485138,3.3614654541015625,3.8093719482421875,1,1,False,Fixation
0.790,0.6218305826187134,1.0810047388076782,0.5737333297729492,0.9686291217803955,0.5977819561958313,1.0248169302940369,3.3704376220703125,3.80963134765625,1,1,False,Fixation
0.806,0.6162455677986145,1.0749129056930542,0.5766879916191101,0.9661590456962585,0.5964667797088623,1.0205359756946564,3.381195068359375,3.8176422119140625,1,1,False,Fixation
0.823,0.6133043766021729,1.0800632238388062,0.5719584822654724,0.969865083694458,0.5926314294338226,1.024964153766632,3.3805389404296875,3.82958984375,1,1,False,Fixation
0.840,0.6152842044830322,1.0721142292022705,0.5761926174163818,0.9665440917015076,0.595738410949707,1.019329160451889,3.3995208740234375,3.84686279296875,1,1,False,Fixation
0.856,nan,nan,nan,nan,nan,nan,nan,nan,0,0,False,Saccade
0.873,nan,nan,nan,nan,nan,nan,nan,nan,0,0,False,Saccade
0.890,nan,nan,nan,nan,nan,nan,nan,nan,0,0,False,Saccade
0.906,nan,nan,nan,nan,nan,nan,nan,nan,0,0,False,Saccade
0.923,nan,nan,nan,nan,nan,nan,nan,nan,0,0,False,Saccade
0.940,nan,nan,nan,nan,nan,nan,nan,nan,0,0,False,Saccade
0.956,0.6109987497329712,1.0717718601226807,0.5751234292984009,0.97707200050354,0.593061089515686,1.0244219303131104,3.4414215087890625,3.9150848388671875,1,1,False,Saccade
0.973,0.6107071042060852,1.0876686573028564,0.575523853302002,0.9567521810531616,0.5931154787540436,1.022210419178009,3.4885101318359375,3.9557037353515625,1,1,False,Fixation
0.990,nan,nan,nan,nan,nan,nan,nan,nan,0,0,False,Saccade
1.006,nan,nan,nan,nan,nan,nan,nan,nan,0,0,False,Saccade
1.023,nan,nan,nan,nan,nan,nan,nan,nan,0,0,False,Saccade
1.040,nan,nan,nan,nan,nan,nan,nan,nan,0,0,False,Saccade
1.056,0.600217342376709,1.0737736225128174,0.5455927848815918,0.9631268978118896,0.5729050636291504,1.0184502601623535,3.4371185302734375,3.9495086669921875,1,1,False,Saccade
1.073,0.5765773057937622,1.039556622505188,0.5489755272865295,0.9304373860359192,0.5627764165401459,0.9849970042705536,3.5036468505859375,4.015838623046875,1,1,False,Fixation
1.090,0.5773944854736328,1.022619605064392,0.5503277778625488,0.9328028559684753,0.5638611316680908,0.9777112305164337,3.5247344970703125,4.03497314453125,1,1,False,Fixation
1.106,0.575554609298706,1.0410302877426147,0.5501877665519714,0.9307795763015747,0.5628711879253387,0.9859049320220947,3.53399658203125,4.0361480712890625,1,1,False,Fixation
1.123,0.5794717669487,1.0420989990234375,0.5498393177986145,0.9385830163955688,0.5646555423736572,0.9903410077095032,3.518096923828125,4.04718017578125,1,1,False,Fixation
1.140,0.5888885855674744,1.0476069450378418,0.5517838001251221,0.9455949068069458,0.5703361928462982,0.9966009259223938,3.5326995849609375,4.05657958984375,1,1,False,Fixation
1.156,0.5810472369194031,1.0397684574127197,0.5470667481422424,0.935200035572052,0.5640569925308228,0.9874842464923859,3.5536956787109375,4.0728912353515625,1,1,False,Fixation
1.173,0.5879990458488464,1.0445407629013062,0.547880232334137,0.9331093430519104,0.5679396390914917,0.9888250529766083,3.56744384765625,4.0741424560546875,1,1,False,Fixation
1.190,0.5968658924102783,1.0493311882019043,0.5467320680618286,0.9348735809326172,0.5717989802360535,0.9921023845672607,3.591766357421875,4.0899200439453125,1,1,False,Fixation
1.206,0.5897006988525391,1.050290584564209,0.548895537853241,0.9314343333244324,0.56929811835289,0.9908624589443207,3.6042327880859375,4.0982818603515625,1,1,False,Fixation
1.223,0.5902196764945984,1.0434743165969849,0.5508275628089905,0.9363863468170166,0.5705236196517944,0.9899303317070007,3.5700836181640625,4.1063690185546875,1,1,False,Fixation
1.240,0.5911213159561157,1.0545803308486938,0.5509724617004395,0.9433578848838806,0.5710468888282776,0.9989691078662872,3.586212158203125,4.11578369140625,1,1,False,Fixation
1.256,0.5884294509887695,1.0574249029159546,0.5453494787216187,0.9402436017990112,0.5668894648551941,0.9988342523574829,3.59765625,4.122283935546875,1,1,False,Fixation
1.273,0.5833999514579773,1.0558217763900757,0.5419302582740784,0.9397437572479248,0.5626651048660278,0.9977827668190002,3.5815582275390625,4.1133880615234375,1,1,False,Fixation
1.290,0.5883956551551819,1.0613611936569214,0.5438323020935059,0.9432560205459595,0.5661139786243439,1.0023086071014404,3.5962982177734375,4.111602783203125,1,1,False,Fixation
1.306,0.5865614414215088,1.052091121673584,0.5475772023200989,0.9334360957145691,0.5670693218708038,0.9927636086940765,3.5947113037109375,4.1090240478515625,1,1,False,Fixation
1.323,0.5843806266784668,1.0444213151931763,0.5448094010353088,0.9374868273735046,0.5645950138568878,0.9909540712833405,3.565216064453125,4.1132965087890625,1,1,False,Fixation
1.339,0.5871878266334534,1.0528874397277832,0.5469098091125488,0.9377564787864685,0.5670488178730011,0.9953219592571259,3.56951904296875,4.108367919921875,1,1,False,Fixation
1.356,0.5919275283813477,1.0636680126190186,0.5442593693733215,0.9397074580192566,0.5680934488773346,1.0016877353191376,3.5754852294921875,4.1075897216796875,1,1,False,Fixation
1.373,0.592864453792572,1.060013771057129,0.5426434278488159,0.9313462972640991,0.567753940820694,0.995680034160614,3.570037841796875,4.1015777587890625,1,1,False,Fixation
1.389,0.5884872078895569,1.0453211069107056,0.5419714450836182,0.9383843541145325,0.5652293264865875,0.991852730512619,3.569854736328125,4.0941314697265625,1,1,False,Fixation
1.405,0.5830027461051941,1.0521843433380127,0.5437861680984497,0.946500837802887,0.5633944571018219,0.9993425905704498,3.5722198486328125,4.0901031494140625,1,1,False,Fixation
1.423,0.5833414196968079,1.0459837913513184,0.5446982979774475,0.9499413967132568,0.5640198588371277,0.9979625940322876,3.5506591796875,4.0900115966796875,1,1,False,Fixation
1.439,0.5859472751617432,1.0465669631958008,0.5449821352958679,0.9378407597541809,0.5654647052288055,0.9922038614749908,3.54840087890625,4.0892486572265625,1,1,False,Fixation
1.455,0.5833630561828613,1.055458664894104,0.547141432762146,0.9335629940032959,0.5652522444725037,0.9945108294487,3.546722412109375,4.086822509765625,1,1,False,Fixation
1.472,0.590691089630127,1.0436437129974365,0.5489065647125244,0.9236618280410767,0.5697988271713257,0.9836527705192566,3.5649261474609375,4.0772552490234375,1,1,False,Fixation
1.489,0.5918277502059937,1.0386719703674316,0.548252522945404,0.9378539323806763,0.5700401365756989,0.988262951374054,3.5683441162109375,4.0691680908203125,1,1,False,Fixation
1.505,0.5890892148017883,1.0418144464492798,0.544897735118866,0.9312887787818909,0.5669934749603271,0.9865516126155853,3.56396484375,4.0759735107421875,1,1,False,Fixation
1.522,0.5780650973320007,1.037634015083313,0.545814573764801,0.9369014501571655,0.5619398355484009,0.9872677326202393,3.55926513671875,4.064117431640625,1,1,False,Fixation
1.539,0.582709789276123,1.0462292432785034,0.5421891212463379,0.937281608581543,0.5624494552612305,0.9917554259300232,3.557464599609375,4.0536346435546875,1,1,False,Fixation
1.555,0.5894772410392761,1.0509424209594727,0.5417117476463318,0.9411810040473938,0.565594494342804,0.9960617125034332,3.54046630859375,4.0483551025390625,1,1,False,Fixation
1.572,0.5835440754890442,1.0501468181610107,0.5429056286811829,0.9315043091773987,0.5632248520851135,0.9908255636692047,3.5327911376953125,4.044189453125,1,1,False,Fixation
1.589,0.5892005562782288,1.0524905920028687,0.5407477617263794,0.9324633479118347,0.5649741590023041,0.9924769699573517,3.52447509765625,4.0327606201171875,1,1,False,Fixation
1.605,0.5843619704246521,1.0557587146759033,0.5449882745742798,0.9391394853591919,0.5646751224994659,0.9974491000175476,3.5286102294921875,4.0300445556640625,1,1,False,Fixation
1.622,0.5944674015045166,1.0530062913894653,0.5517792105674744,0.9291062355041504,0.5731233060359955,0.9910562634468079,3.5326995849609375,4.0250091552734375,1,1,False,Fixation
1.639,0.5900098085403442,1.0412132740020752,0.5529725551605225,0.9364454746246338,0.5714911818504333,0.9888293743133545,3.514984130859375,4.023162841796875,1,1,False,Fixation
1.655,0.5868801474571228,1.0383031368255615,0.5508582592010498,0.9213153123855591,0.5688692033290863,0.9798092246055603,3.5167388916015625,4.00811767578125,1,1,False,Fixation
1.672,0.5890605449676514,1.047965407371521,0.5514395833015442,0.9310088157653809,0.5702500641345978,0.9894871115684509,3.503936767578125,4.0021209716796875,1,1,False,Fixation
1.689,0.5940486788749695,1.0455178022384644,0.5558620691299438,0.9340353608131409,0.5749553740024567,0.9897765815258026,3.503936767578125,4.00567626953125,1,1,False,Fixation
1.705,0.5904787182807922,1.0546592473983765,0.5589945316314697,0.9343308210372925,0.574736624956131,0.9944950342178345,3.505645751953125,3.992645263671875,1,1,False,Fixation
1.722,0.5734392404556274,1.051650047302246,0.5465115904808044,0.9379155039787292,0.5599754154682159,0.9947827756404877,3.4843292236328125,3.9962005615234375,1,1,False,Fixation
1.739,0.5721364617347717,1.0496050119400024,0.5461187958717346,0.935655951499939,0.5591276288032532,0.9926304817199707,3.4806976318359375,3.989227294921875,1,1,False,Fixation
1.755,0.5773734450340271,1.0527585744857788,0.5471780300140381,0.9297954440116882,0.5622757375240326,0.9912770092487335,3.462921142578125,3.9855194091796875,1,1,False,Fixation
1.772,0.5809805393218994,1.0536185503005981,0.5494691729545593,0.9245412945747375,0.5652248561382294,0.9890799224376678,3.4893341064453125,3.9714508056640625,1,1,False,Fixation
1.789,0.5832907557487488,1.053330421447754,0.5482170581817627,0.9290332198143005,0.5657539069652557,0.9911818206310272,3.49005126953125,3.97796630859375,1,1,False,Fixation
1.805,0.5872209072113037,1.0556683540344238,0.544575035572052,0.9228212833404541,0.5658979713916779,0.989244818687439,3.4697113037109375,3.9875030517578125,1,1,False,Fixation
1.822,0.5752550959587097,1.0438759326934814,0.5424992442131042,0.9259806871414185,0.558877170085907,0.98492830991745,3.4626922607421875,3.984466552734375,1,1,False,Fixation
1.839,0.5769068002700806,1.0530314445495605,0.5400723218917847,0.9265861511230469,0.5584895610809326,0.9898087978363037,3.4695587158203125,3.9916229248046875,1,1,False,Fixation
1.855,0.5796582102775574,1.0467052459716797,0.5482199192047119,0.9167909622192383,0.5639390647411346,0.981748104095459,3.4605560302734375,3.980499267578125,1,1,False,Fixation
1.872,0.5707604289054871,1.04037344455719,0.5428577661514282,0.9162036776542664,0.5568090975284576,0.9782885611057281,3.44281005859375,3.969390869140625,1,1,False,Fixation
1.889,0.5686875581741333,1.0390132665634155,0.5427893400192261,0.9168891310691833,0.5557384490966797,0.9779511988162994,3.4375457763671875,3.9769134521484375,1,1,False,Fixation
1.905,0.5687820315361023,1.0454999208450317,0.5421389937400818,0.9265331029891968,0.555460512638092,0.9860165119171143,3.4464111328125,3.9702606201171875,1,1,False,Fixation
1.922,0.5794845819473267,1.0476500988006592,0.5446779131889343,0.9187464118003845,0.5620812475681305,0.9831982553005219,3.4633941650390625,3.978118896484375,1,1,False,Fixation
1.939,0.5893186330795288,1.0611348152160645,0.5448669195175171,0.926442563533783,0.567092776298523,0.9937886893749237,3.4818878173828125,3.9900665283203125,1,1,False,Fixation
1.955,0.5825509428977966,1.04264497756958,0.5474840998649597,0.9190060496330261,0.5650175213813782,0.9808255136013031,3.494110107421875,4.00323486328125,1,1,False,Fixation
1.972,0.5733770728111267,1.0397363901138306,0.5495463609695435,0.9185612797737122,0.5614617168903351,0.9791488349437714,3.475311279296875,3.997161865234375,1,1,False,Fixation
1.988,0.5728756785392761,1.0353137254714966,0.5467750430107117,0.9169228672981262,0.5598253607749939,0.9761182963848114,3.4782562255859375,4.01141357421875,1,1,False,Fixation
2.005,0.5737684965133667,1.0385899543762207,0.543353259563446,0.9255149364471436,0.5585608780384064,0.9820524454116821,3.4903106689453125,4.0087432861328125,1,1,False,Fixation
2.022,0.5747228860855103,1.0334454774856567,0.5480274558067322,0.9153107404708862,0.5613751709461212,0.9743781089782715,3.4902496337890625,4.0142059326171875,1,1,False,Fixation
2.038,0.5739768743515015,1.039482593536377,0.5479045510292053,0.908407986164093,0.5609407126903534,0.973945289850235,3.5041656494140625,4.0247344970703125,1,1,False,Fixation
2.054,0.5754299163818359,1.0451890230178833,0.548056960105896,0.9114149808883667,0.561743438243866,0.978302001953125,3.5159149169921875,4.0314788818359375,1,1,False,Fixation
2.072,0.5833282470703125,1.0358550548553467,0.5502657890319824,0.9225751161575317,0.5667970180511475,0.9792150855064392,3.5141448974609375,4.0416717529296875,1,1,False,Fixation
2.088,0.5852319002151489,1.0288125276565552,0.547927737236023,0.9207103848457336,0.5665798187255859,0.9747614562511444,3.540283203125,4.048614501953125,1,1,False,Fixation
2.104,0.5859323740005493,1.0306018590927124,0.5460092425346375,0.9102751016616821,0.5659708082675934,0.9704384803771973,3.5560302734375,4.0647735595703125,1,1,False,Fixation
2.122,0.577216386795044,1.0357540845870972,0.5464337468147278,0.9173161387443542,0.5618250668048859,0.9765351116657257,3.5366668701171875,4.07232666015625,1,1,False,Fixation
2.138,0.5804334282875061,1.0347548723220825,0.5489485263824463,0.9296277761459351,0.5646909773349762,0.9821913242340088,3.5689849853515625,4.0777130126953125,1,1,False,Fixation
2.154,0.5828517079353333,1.0383161306381226,0.5482493042945862,0.9212313890457153,0.5655505061149597,0.979773759841919,3.567901611328125,4.0827178955078125,1,1,False,Fixation
2.172,0.5854930281639099,1.0432122945785522,0.551288366317749,0.9159049391746521,0.5683906972408295,0.9795586168766022,3.5781097412109375,4.08465576171875,1,1,False,Fixation
2.188,0.5843915939331055,1.0502392053604126,0.5505144596099854,0.9153859615325928,0.5674530267715454,0.9828125834465027,3.5950927734375,4.09912109375,1,1,False,Fixation
2.204,0.5863969326019287,1.0289496183395386,0.5526862144470215,0.9164006114006042,0.5695415735244751,0.9726751148700714,3.59991455078125,4.1112518310546875,1,1,False,Fixation
2.221,0.5890854597091675,1.030836820602417,0.5527626872062683,0.9196222424507141,0.5709240734577179,0.9752295315265656,3.619171142578125,4.1087493896484375,1,1,False,Fixation
2.238,0.58697509765625,1.035404920578003,0.5534469485282898,0.9155725240707397,0.5702110230922699,0.9754887223243713,3.6370697021484375,4.113372802734375,1,1,False,Fixation
2.254,0.5885315537452698,1.0420986413955688,0.5569072365760803,0.9130045175552368,0.572719395160675,0.9775515794754028,3.6593780517578125,4.1182403564453125,1,1,False,Fixation
2.271,0.5805583596229553,1.040994644165039,0.5579150319099426,0.9124929904937744,0.569236695766449,0.9767438173294067,3.625213623046875,4.121246337890625,1,1,False,Fixation
2.288,0.5883206129074097,1.041103482246399,0.5618131756782532,0.9032899141311646,0.5750668942928314,0.9721966981887817,3.644287109375,4.125030517578125,1,1,False,Fixation
2.304,0.5877847075462341,1.0351645946502686,0.5574139356613159,0.9011785984039307,0.572599321603775,0.9681715965270996,3.6602325439453125,4.128753662109375,1,1,False,Fixation
2.321,0.5778864026069641,1.0309205055236816,0.554053544998169,0.9225913286209106,0.5659699738025665,0.9767559170722961,3.6577301025390625,4.13616943359375,1,1,False,Fixation
2.338,0.5843580961227417,1.0371018648147583,0.5480650663375854,0.9169608354568481,0.5662115812301636,0.9770313501358032,3.6757354736328125,4.142059326171875,1,1,False,Fixation
2.354,0.5961440801620483,1.044712781906128,0.5534027218818665,0.907489538192749,0.5747734010219574,0.9761011600494385,3.6695098876953125,4.1368865966796875,1,1,False,Fixation
2.371,0.5768809914588928,0.9961875081062317,0.5567544102668762,0.8637643456459045,0.5668177008628845,0.9299759268760681,3.6811676025390625,4.1262359619140625,1,1,False,Fixation
2.388,0.5362833142280579,0.7373102307319641,0.5282973647117615,0.6097814440727234,0.5322903394699097,0.6735458374023438,3.6719970703125,4.143341064453125,1,1,False,Fixation
2.404,0.5296922326087952,0.5805315375328064,0.510385274887085,0.48898065090179443,0.5200387537479401,0.5347560942173004,3.630645751953125,4.1184234619140625,1,1,False,Fixation
2.421,0.5278077125549316,0.5809924602508545,0.5125914812088013,0.48175960779190063,0.5201995968818665,0.5313760340213776,3.6151580810546875,4.0952911376953125,1,1,False,Fixation
2.438,0.5303466320037842,0.5817098617553711,0.5086294412612915,0.48545128107070923,0.5194880366325378,0.5335805714130402,3.5955352783203125,4.054962158203125,1,1,False,Fixation
2.454,0.5280587077140808,0.5730347037315369,0.5062981843948364,0.47879862785339355,0.5171784460544586,0.5259166657924652,3.571380615234375,4.032012939453125,1,1,False,Fixation
2.471,0.5340906977653503,0.5739894509315491,0.5058643221855164,0.48645883798599243,0.5199775099754333,0.5302241444587708,3.5531005859375,4.0240325927734375,1,1,False,Fixation
2.488,0.5308245420455933,0.5772469639778137,0.5064591765403748,0.4933362603187561,0.518641859292984,0.5352916121482849,3.52764892578125,3.9985809326171875,1,1,False,Fixation
2.504,0.5337758660316467,0.5758739113807678,0.5074762105941772,0.5018839240074158,0.520626038312912,0.5388789176940918,3.503509521484375,3.9735107421875,1,1,False,Fixation
2.521,0.5303916335105896,0.5789249539375305,0.5106580257415771,0.4887336492538452,0.5205248296260834,0.5338293015956879,3.485626220703125,3.935333251953125,1,1,False,Fixation
2.538,0.5329638719558716,0.578300952911377,0.5109918117523193,0.4879308044910431,0.5219778418540955,0.53311587870121,3.4743804931640625,3.91387939453125,1,1,False,Fixation
2.554,0.5305154919624329,0.5786846280097961,0.5068469047546387,0.4941578507423401,0.5186811983585358,0.5364212393760681,3.470489501953125,3.90380859375,1,1,False,Fixation
2.571,0.5305308103561401,0.574198305606842,0.5076714158058167,0.4880485534667969,0.5191011130809784,0.5311234295368195,3.4645538330078125,3.8819122314453125,1,1,False,Fixation
2.588,0.5305951237678528,0.5727460980415344,0.5128241181373596,0.5016604661941528,0.5217096209526062,0.5372032821178436,3.451385498046875,3.8774261474609375,1,1,False,Fixation
2.604,0.5377957224845886,0.5739385485649109,0.5130776762962341,0.5096627473831177,0.5254366993904114,0.5418006479740143,3.435638427734375,3.8634490966796875,1,1,False,Fixation
2.621,0.582314670085907,0.5060955286026001,0.5474525094032288,0.4618830978870392,0.5648835897445679,0.48398931324481964,3.433685302734375,3.86083984375,1,1,False,Fixation
2.637,0.6998916268348694,0.29691699147224426,0.6785584092140198,0.2224176824092865,0.6892250180244446,0.2596673369407654,3.4430389404296875,3.8373565673828125,1,1,False,Fixation
2.654,0.7477773427963257,0.20294415950775146,0.7171526551246643,0.16201061010360718,0.732464998960495,0.18247738480567932,3.4636383056640625,3.8535614013671875,1,1,False,Fixation
2.671,0.7480977773666382,0.19677402079105377,0.7210904359817505,0.1590624451637268,0.7345941066741943,0.1779182329773903,3.4531707763671875,3.853851318359375,1,1,False,Fixation
2.687,0.75791335105896,0.1925482153892517,0.7220169305801392,0.17217491567134857,0.7399651408195496,0.18236156553030014,3.4472503662109375,3.8494110107421875,1,1,False,Fixation
2.703,0.7624507546424866,0.19425107538700104,0.7229623794555664,0.17294424772262573,0.7427065670490265,0.18359766155481339,3.4619140625,3.8604736328125,1,1,False,Fixation
2.721,0.7627282738685608,0.19754526019096375,0.7222278118133545,0.16495494544506073,0.7424780428409576,0.18125010281801224,3.500457763671875,3.8717041015625,1,1,False,Fixation
2.737,0.76563960313797,0.19948038458824158,0.7221487760543823,0.16609624028205872,0.7438941895961761,0.18278831243515015,3.498870849609375,3.873382568359375,1,1,False,Fixation
2.753,nan,nan,0.717448890209198,0.166274294257164,nan,nan,nan,3.897918701171875,0,1,False,Saccade
2.770,0.76114821434021,0.17248627543449402,0.7145160436630249,0.16435237228870392,0.7378321290016174,0.16841932386159897,3.619293212890625,3.8992919921875,1,1,False,Saccade
2.787,0.751312255859375,0.17139199376106262,0.7232158184051514,0.16020765900611877,0.7372640371322632,0.1657998263835907,3.6160736083984375,3.9255218505859375,1,1,False,Fixation
2.803,0.7794485688209534,0.17222626507282257,0.7426982522010803,0.1423908770084381,0.7610734105110168,0.15730857104063034,3.5828399658203125,3.955718994140625,1,1,False,Fixation
2.820,0.8064843416213989,0.0884455144405365,0.7588263750076294,0.07058724015951157,0.7826553583145142,0.07951637730002403,3.6132354736328125,3.977630615234375,1,1,False,Fixation
2.837,0.8477829694747925,-0.017164597287774086,0.7827014923095703,-0.044630128890275955,0.8152422308921814,-0.03089736308902502,3.6289825439453125,4.0078887939453125,1,1,False,Fixation
2.853,0.839836061000824,-0.011844842694699764,0.785216748714447,-0.04863065481185913,0.8125264048576355,-0.030237748753279448,3.6605987548828125,4.035186767578125,1,1,False,Fixation
2.870,0.837836742401123,-0.02563370205461979,0.7901914119720459,-0.03302379697561264,0.8140140771865845,-0.029328749515116215,3.673614501953125,4.0440216064453125,1,1,False,Fixation
2.887,0.8382363319396973,-0.022798381745815277,0.7896949052810669,-0.036056142300367355,0.8139656186103821,-0.029427262023091316,3.6947021484375,4.063507080078125,1,1,False,Fixation
2.903,0.8428001403808594,-0.035853542387485504,0.791782796382904,-0.037579599767923355,0.8172914683818817,-0.03671657107770443,3.7292327880859375,4.074371337890625,1,1,False,Fixation
2.920,0.8452898263931274,-0.02494504489004612,0.7889416217803955,-0.03932254761457443,0.8171157240867615,-0.032133796252310276,3.7342987060546875,4.0923309326171875,1,1,False,Fixation
2.937,0.850167989730835,-0.021063100546598434,0.7861526608467102,-0.042347535490989685,0.8181603252887726,-0.03170531801879406,3.74835205078125,4.1285400390625,1,1,False,Fixation
2.953,0.8459419012069702,-0.02214949019253254,0.785987913608551,-0.04433085769414902,0.8159649074077606,-0.03324017394334078,3.7677764892578125,4.142730712890625,1,1,False,Fixation
2.970,0.8463042974472046,-0.020761843770742416,0.793040931224823,-0.03558864817023277,0.8196726143360138,-0.028175245970487595,3.7871551513671875,4.1509552001953125,1,1,False,Fixation
2.987,0.8522499203681946,-0.005934861488640308,0.7919389009475708,-0.011532017961144447,0.8220944106578827,-0.008733439724892378,3.806640625,4.1836395263671875,1,1,False,Fixation
3.003,0.8580067753791809,0.2674962878227234,0.8011261820793152,0.22195367515087128,0.829566478729248,0.24472498148679733,3.8348236083984375,4.2387847900390625,1,1,False,Fixation
3.020,0.8596354722976685,0.49992236495018005,0.7933729290962219,0.4484173059463501,0.8265042006969452,0.4741698354482651,3.8400726318359375,4.260894775390625,1,1,False,Fixation
3.037,0.8326423764228821,0.8035075068473816,0.7529786825180054,0.7680561542510986,0.7928105294704437,0.7857818305492401,3.8314208984375,4.226318359375,1,1,False,Fixation
3.053,0.6940550208091736,1.0387182235717773,0.6506971716880798,0.9594470262527466,0.6723760962486267,0.999082624912262,3.8252105712890625,4.2199859619140625,1,1,False,Fixation
3.070,0.6675863265991211,1.1036407947540283,0.619111180305481,0.9947866201400757,0.643348753452301,1.049213707447052,3.834716796875,4.2513275146484375,1,1,False,Fixation
3.087,nan,nan,nan,nan,nan,nan,nan,nan,0,0,False,Saccade
3.103,0.6642648577690125,1.1369235515594482,0.6226456761360168,1.0480055809020996,0.6434552669525146,1.092464566230774,3.8035125732421875,4.206024169921875,1,1,False,Saccade
3.120,nan,nan,nan,nan,nan,nan,nan,nan,0,0,False,Saccade
3.137,nan,nan,nan,nan,nan,nan,nan,nan,0,0,False,Saccade
3.153,0.6783673167228699,1.153893232345581,0.6347067356109619,1.0504183769226074,0.6565370261669159,1.1021558046340942,3.78460693359375,4.1638946533203125,1,1,False,Saccade
3.170,0.6658754944801331,1.1298987865447998,0.6268702149391174,1.0470519065856934,0.6463728547096252,1.0884753465652466,3.8292236328125,4.21026611328125,1,1,False,Fixation
3.186,0.6674829125404358,1.1229743957519531,0.6318750977516174,1.0297397375106812,0.6496790051460266,1.0763570666313171,3.8524932861328125,4.23150634765625,1,1,False,Fixation
3.202,0.6652982831001282,1.1215260028839111,0.6357531547546387,1.0298928022384644,0.6505257189273834,1.0757094025611877,3.8564910888671875,4.228973388671875,1,1,False,Fixation
3.220,0.6695976257324219,1.1272133588790894,0.6316370964050293,1.0320122241973877,0.6506173610687256,1.0796127915382385,3.8382110595703125,4.2298126220703125,1,1,False,Fixation
3.236,nan,nan,nan,nan,nan,nan,nan,nan,0,0,False,Saccade
3.252,nan,nan,nan,nan,nan,nan,nan,nan,0,0,False,Saccade
3.270,nan,nan,nan,nan,nan,nan,nan,nan,0,0,False,Saccade
3.286,nan,nan,nan,nan,nan,nan,nan,nan,0,0,False,Saccade
3.302,nan,nan,nan,nan,nan,nan,nan,nan,0,0,False,Saccade
3.319,nan,nan,nan,nan,nan,nan,nan,nan,0,0,False,Saccade
3.336,0.6810122728347778,1.083909511566162,0.6633215546607971,0.8896728754043579,0.6721669137477875,0.98679119348526,3.884033203125,4.353729248046875,1,1,False,Saccade
3.352,0.6718366742134094,1.0868602991104126,0.6539650559425354,0.9645594954490662,0.6629008650779724,1.0257098972797394,3.916412353515625,4.29217529296875,1,1,False,Fixation
3.369,0.669535219669342,1.0847564935684204,0.6516793370246887,0.9772671461105347,0.6606072783470154,1.0310118198394775,3.9345550537109375,4.294464111328125,1,1,False,Fixation
3.386,0.6690282821655273,1.0702170133590698,0.6557456851005554,0.965010941028595,0.6623869836330414,1.0176139771938324,3.9275970458984375,4.303253173828125,1,1,False,Fixation
3.402,0.7059587240219116,1.0684815645217896,nan,nan,nan,nan,3.9068756103515625,nan,1,0,False,Saccade
3.419,nan,nan,nan,nan,nan,nan,nan,nan,0,0,False,Saccade
3.436,nan,nan,nan,nan,nan,nan,nan,nan,0,0,False,Saccade
3.452,0.7228107452392578,1.0538794994354248,0.6889429092407227,0.9548235535621643,0.7058768272399902,1.0043515264987946,3.8970184326171875,4.2980804443359375,1,1,False,Saccade
3.469,0.7096585035324097,1.029003381729126,0.6988301277160645,0.9512557983398438,0.7042443156242371,0.9901295900344849,3.9509429931640625,4.3134765625,1,1,False,Fixation
3.486,nan,nan,0.6978431344032288,0.9481493830680847,nan,nan,nan,4.3209381103515625,0,1,False,Saccade
3.502,0.7098215222358704,1.0434975624084473,0.6969922184944153,0.9356459379196167,0.7034068703651428,0.989571750164032,3.9509429931640625,4.3321990966796875,1,1,False,Saccade
3.519,0.7112619280815125,1.0343952178955078,0.6984264850616455,0.9424907565116882,0.704844206571579,0.988442987203598,3.9557342529296875,4.341461181640625,1,1,False,Fixation
3.536,0.7122814655303955,1.0297261476516724,0.6954540610313416,0.9547266960144043,0.7038677632808685,0.9922264218330383,3.964141845703125,4.3552703857421875,1,1,False,Fixation
3.552,0.7122198343276978,1.045867919921875,0.7005177736282349,0.9371713995933533,0.7063688039779663,0.9915196597576141,3.9770965576171875,4.3607330322265625,1,1,False,Fixation
3.569,0.7157644629478455,1.0448893308639526,0.7044069766998291,0.9470738768577576,0.7100857198238373,0.9959816038608551,3.9706573486328125,4.36810302734375,1,1,False,Fixation
3.586,0.721129298210144,1.050415277481079,0.693964421749115,0.9465018510818481,0.7075468599796295,0.9984585642814636,3.974761962890625,4.3739471435546875,1,1,False,Fixation
3.602,0.7113029360771179,1.0340629816055298,0.6931397914886475,0.9376630187034607,0.7022213637828827,0.9858630001544952,3.9785919189453125,4.3771514892578125,1,1,False,Fixation
3.619,0.7117868661880493,1.030949354171753,0.6937562227249146,0.9352888464927673,0.7027715444564819,0.9831191003322601,3.9719696044921875,4.3651123046875,1,1,False,Fixation
3.636,0.7131833434104919,1.0298517942428589,0.6943330764770508,0.9451106190681458,0.7037582099437714,0.9874812066555023,3.972869873046875,4.3716583251953125,1,1,False,Fixation
3.652,0.7109770774841309,1.0327953100204468,0.6940962076187134,0.9313693642616272,0.7025366425514221,0.982082337141037,3.96630859375,4.3798980712890625,1,1,False,Fixation
3.669,0.7113523483276367,1.0390729904174805,0.6943546533584595,0.9336732625961304,0.7028535008430481,0.9863731265068054,3.97418212890625,4.3884735107421875,1,1,False,Fixation
3.686,0.7087625861167908,1.0477328300476074,0.6909545063972473,0.9605569839477539,0.699858546257019,1.0041449069976807,3.963623046875,4.3788909912109375,1,1,False,Fixation
3.702,0.7059445977210999,1.0474138259887695,0.6879222989082336,0.9642003774642944,0.6969334483146667,1.005807101726532,3.96661376953125,4.37103271484375,1,1,False,Fixation
3.719,0.7074874639511108,1.0448204278945923,0.6897243857383728,0.9574658274650574,0.6986059248447418,1.0011431276798248,3.978668212890625,4.3685455322265625,1,1,False,Fixation
3.736,0.7040263414382935,1.044573187828064,0.6891677379608154,0.9498360753059387,0.6965970396995544,0.9972046315670013,3.98382568359375,4.3643035888671875,1,1,False,Fixation
3.751,0.7131859660148621,1.0392305850982666,0.6910115480422974,0.9509797692298889,0.7020987570285797,0.9951051771640778,3.971954345703125,4.3661651611328125,1,1,False,Fixation
3.769,0.7142094373703003,1.0349637269973755,0.6879452466964722,0.9624429941177368,0.7010773420333862,0.9987033605575562,3.9789886474609375,4.3766326904296875,1,1,False,Fixation
3.785,0.7092487215995789,1.0461061000823975,0.6943051815032959,0.965698778629303,0.7017769515514374,1.0059024393558502,3.980987548828125,4.3813934326171875,1,1,False,Fixation
3.802,0.7098361253738403,1.0501354932785034,0.6945270299911499,0.9628922343254089,0.7021815776824951,1.0065138638019562,3.9854888916015625,4.3820037841796875,1,1,False,Fixation
3.819,0.7135686874389648,1.0443127155303955,0.6917657256126404,0.9462005496025085,0.7026672065258026,0.995256632566452,3.9863433837890625,4.3865203857421875,1,1,False,Fixation
3.835,0.7146111726760864,1.0494728088378906,0.6894782185554504,0.9438682794570923,0.7020446956157684,0.9966705441474915,3.9841766357421875,4.3804931640625,1,1,False,Fixation
3.852,0.7166234850883484,1.047327995300293,0.6933925747871399,0.9559494256973267,0.7050080299377441,1.0016387104988098,3.9768829345703125,4.3739166259765625,1,1,False,Fixation
3.869,0.7229180932044983,1.044395923614502,0.6923636794090271,0.9598116874694824,0.7076408863067627,1.0021038055419922,3.98126220703125,4.3752593994140625,1,1,False,Fixation
3.885,0.7216827273368835,1.052504301071167,0.6868948936462402,0.9575099349021912,0.7042888104915619,1.005007117986679,3.97003173828125,4.3728179931640625,1,1,False,Fixation
3.901,0.7191767692565918,1.0288727283477783,0.6833786368370056,0.9450505971908569,0.7012777030467987,0.9869616627693176,3.961029052734375,4.3643798828125,1,1,False,Fixation
3.919,0.7188795208930969,1.0165786743164062,0.6924021244049072,0.938115656375885,0.7056408226490021,0.9773471653461456,3.9586944580078125,4.363372802734375,1,1,False,Fixation
3.935,0.7192160487174988,1.0112316608428955,0.702701210975647,0.9420164227485657,0.7109586298465729,0.9766240417957306,3.9502410888671875,4.3610382080078125,1,1,False,Fixation
3.951,0.7204486131668091,1.0132004022598267,0.7044543027877808,0.9418442845344543,0.7124514579772949,0.9775223433971405,3.9465789794921875,4.3692169189453125,1,1,False,Fixation
3.968,0.7206242680549622,1.019261121749878,0.6983627080917358,0.9358558058738708,0.709493488073349,0.9775584638118744,3.94482421875,4.36920166015625,1,1,False,Fixation
3.985,0.7219748497009277,1.0174154043197632,0.6990466713905334,0.9461146593093872,0.7105107605457306,0.9817650318145752,3.931793212890625,4.362335205078125,1,1,False,Fixation
4.001,0.7223045825958252,1.0133389234542847,0.6976926326751709,0.9323344826698303,0.709998607635498,0.9728367030620575,3.923919677734375,4.3437957763671875,1,1,False,Fixation
4.018,0.7292004227638245,1.0278395414352417,0.695828378200531,0.9399546980857849,0.7125144004821777,0.9838971197605133,3.923828125,4.3459930419921875,1,1,False,Fixation
4.035,0.729222297668457,1.0336543321609497,nan,nan,nan,nan,3.904327392578125,nan,1,0,False,Saccade
4.051,0.7308803796768188,1.0258070230484009,0.6956527233123779,0.9688732624053955,0.7132665514945984,0.9973401427268982,3.8949737548828125,4.3027801513671875,1,1,False,Saccade
4.068,0.7278707027435303,1.0277589559555054,0.7008482217788696,0.9390063285827637,0.7143594622612,0.9833826422691345,3.9040679931640625,4.3197021484375,1,1,False,Fixation
4.085,0.7127884030342102,1.008440613746643,0.6804693937301636,0.9205252528190613,0.6966288983821869,0.9644829332828522,3.9017333984375,4.30615234375,1,1,False,Fixation
4.101,0.6021212339401245,0.7525781989097595,0.5958744883537292,0.7276496291160583,0.5989978611469269,0.7401139140129089,3.9142913818359375,4.31329345703125,1,1,False,Fixation
4.118,0.5400654077529907,0.6270066499710083,0.5197151899337769,0.5598373413085938,0.5298902988433838,0.593421995639801,3.87591552734375,4.3066558837890625,1,1,False,Fixation
4.135,0.4904223382472992,0.5304961204528809,0.4638274610042572,0.4604537785053253,0.4771248996257782,0.4954749494791031,3.8475799560546875,4.2906646728515625,1,1,False,Fixation
4.151,0.4813271164894104,0.5315642356872559,0.45207640528678894,0.4663660526275635,0.46670176088809967,0.49896514415740967,3.8394012451171875,4.2737884521484375,1,1,False,Fixation
4.168,0.48433369398117065,0.5347232818603516,0.45907849073410034,0.46343672275543213,0.4717060923576355,0.49908000230789185,3.8372344970703125,4.260833740234375,1,1,False,Fixation
4.185,0.48324304819107056,0.5309654474258423,0.47259360551834106,0.4599806070327759,0.4779183268547058,0.4954730272293091,3.8275909423828125,4.246337890625,1,1,False,Fixation
4.201,0.48648157715797424,0.5407490134239197,0.4623556137084961,0.47115495800971985,0.47441859543323517,0.5059519857168198,3.8212432861328125,4.243011474609375,1,1,False,Fixation
4.218,0.48497557640075684,0.5312020778656006,0.460231214761734,0.4676671326160431,0.4726033955812454,0.49943460524082184,3.813629150390625,4.238922119140625,1,1,False,Fixation
4.235,0.4859435260295868,0.5342172384262085,0.4593226909637451,0.4735337495803833,0.47263310849666595,0.5038754940032959,3.816253662109375,4.230499267578125,1,1,False,Fixation
4.251,0.481656938791275,0.5329805612564087,0.4520327150821686,0.463411808013916,0.4668448269367218,0.49819618463516235,3.8092803955078125,4.22918701171875,1,1,False,Fixation
4.268,0.4839996099472046,0.543906033039093,0.45447099208831787,0.4748750627040863,0.46923530101776123,0.5093905478715897,3.830108642578125,4.234619140625,1,1,False,Fixation
4.285,0.4804019629955292,0.541437029838562,0.4628133177757263,0.47842514514923096,0.47160764038562775,0.5099310874938965,3.8250732421875,4.240234375,1,1,False,Fixation
4.301,0.48749473690986633,0.5422707200050354,0.4787808954715729,0.46214428544044495,0.4831378161907196,0.5022075027227402,3.822418212890625,4.2496185302734375,1,1,False,Fixation
4.318,0.48501187562942505,0.5389612317085266,0.4766157567501068,0.44915181398391724,0.48081381618976593,0.4940565228462219,3.830841064453125,4.2501678466796875,1,1,True,Fixation
4.334,0.48621752858161926,0.5401492118835449,0.45536020398139954,0.45850712060928345,0.4707888662815094,0.4993281662464142,3.82720947265625,4.248291015625,1,1,True,Fixation
4.351,0.482581228017807,0.5383589863777161,0.43567028641700745,0.5554075241088867,0.4591257572174072,0.5468832552433014,3.808258056640625,4.1171875,1,1,True,Fixation
4.368,0.4931904673576355,0.6200562715530396,nan,nan,nan,nan,3.56500244140625,nan,1,0,False,Saccade
4.385,nan,nan,nan,nan,nan,nan,nan,nan,0,0,False,Saccade
4.401,nan,nan,nan,nan,nan,nan,nan,nan,0,0,False,Saccade
4.418,nan,nan,nan,nan,nan,nan,nan,nan,0,0,False,Saccade
4.434,nan,nan,nan,nan,nan,nan,nan,nan,0,0,False,Saccade
4.451,0.5705869793891907,0.498259574174881,nan,nan,nan,nan,3.251007080078125,nan,1,0,False,Saccade
4.468,0.49676981568336487,0.3748411536216736,0.5873919129371643,0.46438953280448914,0.5420808643102646,0.41961534321308136,3.675018310546875,3.3748016357421875,1,1,True,Saccade
4.484,0.49983909726142883,0.2991003096103668,0.4845498502254486,0.35478824377059937,0.4921944737434387,0.3269442766904831,3.827362060546875,3.882568359375,1,1,False,Fixation
4.501,0.5092482566833496,0.2319718450307846,0.48402726650238037,0.22319012880325317,0.496637761592865,0.2275809869170189,3.8897247314453125,4.1289520263671875,1,1,False,Fixation
4.518,0.5096291899681091,0.26211392879486084,0.48630180954933167,0.14999273419380188,0.4979654997587204,0.20605333149433136,3.846343994140625,4.2144012451171875,1,1,False,Fixation
4.534,0.5072919130325317,0.27013906836509705,0.4892980456352234,0.13479109108448029,0.49829497933387756,0.20246507972478867,3.8098602294921875,4.2250518798828125,1,1,False,Fixation
4.551,0.5066190958023071,0.2741776406764984,0.48968416452407837,0.15144860744476318,0.49815163016319275,0.2128131240606308,3.7719268798828125,4.1651763916015625,1,1,False,Fixation
4.567,0.5062909722328186,0.27040454745292664,0.4878586530685425,0.16700439155101776,0.49707481265068054,0.2187044695019722,3.7386474609375,4.1120758056640625,1,1,False,Fixation
4.584,0.5102096796035767,0.26937684416770935,0.49290958046913147,0.16566649079322815,0.5015596300363541,0.21752166748046875,3.7020263671875,4.0555419921875,1,1,False,Fixation
4.600,0.5096256136894226,0.274187833070755,0.49052897095680237,0.17293097078800201,0.5000772923231125,0.2235594019293785,3.6543121337890625,3.99371337890625,1,1,False,Fixation
4.617,0.5078281164169312,0.26767027378082275,0.4921553432941437,0.1750316023826599,0.4999917298555374,0.22135093808174133,3.6004638671875,3.954742431640625,1,1,False,Fixation
4.634,0.5145784616470337,0.2732046842575073,0.48885107040405273,0.18198832869529724,0.5017147660255432,0.22759650647640228,3.5616302490234375,3.8940277099609375,1,1,False,Fixation
4.650,0.5146588087081909,0.2630114257335663,0.48781144618988037,0.18053358793258667,0.5012351274490356,0.22177250683307648,3.510711669921875,3.834228515625,1,1,False,Fixation
4.667,0.511283814907074,0.27282366156578064,0.4864917993545532,0.17904813587665558,0.4988878071308136,0.2259358987212181,3.495086669921875,3.8037567138671875,1,1,False,Fixation
4.684,0.5065751671791077,0.26245203614234924,0.48893722891807556,0.1893845796585083,0.4977561980485916,0.22591830790042877,3.452880859375,3.748382568359375,1,1,False,Fixation
4.700,0.5091525316238403,0.2703613340854645,0.4919484853744507,0.19065870344638824,0.5005505084991455,0.23051001876592636,3.4105072021484375,3.69830322265625,1,1,False,Fixation
4.717,0.5088422894477844,0.27186065912246704,0.4920739233493805,0.17869338393211365,0.5004581063985825,0.22527702152729034,3.39093017578125,3.677581787109375,1,1,False,Fixation
4.734,0.5077908635139465,0.2674108147621155,0.4952528476715088,0.17773176729679108,0.5015218555927277,0.22257129102945328,3.3619537353515625,3.6259765625,1,1,False,Fixation
4.750,0.5207515358924866,0.26420527696609497,0.4908909499645233,0.19570478796958923,0.5058212429285049,0.2299550324678421,3.3215789794921875,3.588043212890625,1,1,False,Fixation
4.767,0.5264295935630798,0.3150796890258789,0.4936710596084595,0.24390068650245667,0.5100503265857697,0.2794901877641678,3.32049560546875,3.578216552734375,1,1,False,Fixation
4.784,0.5278329849243164,0.33428555727005005,0.4996996521949768,0.265518456697464,0.5137663185596466,0.299902006983757,3.306549072265625,3.5522003173828125,1,1,False,Fixation
4.800,0.5269579887390137,0.33575448393821716,0.5027092099189758,0.2733708322048187,0.5148335993289948,0.30456265807151794,3.3007659912109375,3.54296875,1,1,False,Fixation
4.817,0.5285670757293701,0.338747501373291,0.5052241086959839,0.27252963185310364,0.516895592212677,0.3056385666131973,3.2965087890625,3.5342254638671875,1,1,False,Fixation
4.834,0.5251208543777466,0.3347247540950775,0.500752329826355,0.26178687810897827,0.5129365921020508,0.2982558161020279,3.2736053466796875,3.5197601318359375,1,1,False,Fixation
4.850,0.529340386390686,0.3436870276927948,0.5002688765525818,0.2647568881511688,0.5148046314716339,0.3042219579219818,3.2733612060546875,3.514007568359375,1,1,False,Fixation
4.867,0.5278769135475159,0.33771196007728577,0.49710342288017273,0.2632940709590912,0.5124901682138443,0.3005030155181885,3.24908447265625,3.5081024169921875,1,1,False,Fixation
4.884,0.5285927653312683,0.3312608599662781,0.5006322860717773,0.26965004205703735,0.5146125257015228,0.3004554510116577,3.2399749755859375,3.49407958984375,1,1,False,Fixation
4.900,0.5241597890853882,0.3262875974178314,0.5022047162055969,0.2684438228607178,0.5131822526454926,0.2973657101392746,3.223052978515625,3.4718475341796875,1,1,False,Fixation
4.917,0.5251163244247437,0.32568907737731934,0.49784302711486816,0.26234811544418335,0.5114796757698059,0.29401859641075134,3.218841552734375,3.455047607421875,1,1,False,Fixation
4.934,0.5225975513458252,0.32196030020713806,0.5004587769508362,0.26361018419265747,0.5115281641483307,0.29278524219989777,3.2108001708984375,3.4412689208984375,1,1,False,Fixation
4.950,0.5201618075370789,0.3346467912197113,0.5007750988006592,0.2735065817832947,0.510468453168869,0.304076686501503,3.2079315185546875,3.433746337890625,1,1,False,Fixation
4.967,0.5235307812690735,0.33284056186676025,0.5011195540428162,0.27076712250709534,0.5123251676559448,0.3018038421869278,3.1937255859375,3.4165496826171875,1,1,False,Fixation
4.984,0.5245142579078674,0.3304153382778168,0.4981389343738556,0.26790356636047363,0.5113265961408615,0.2991594523191452,3.1764068603515625,3.3973236083984375,1,1,False,Fixation
5.000,0.5236015915870667,0.3347333073616028,0.4928829073905945,0.27179354429244995,0.5082422494888306,0.30326342582702637,3.1706390380859375,3.3734130859375,1,1,False,Fixation
5.017,0.5212797522544861,0.32131674885749817,0.4948274493217468,0.2831467092037201,0.5080536007881165,0.30223172903060913,3.1357421875,3.38592529296875,1,1,False,Fixation
5.034,0.5217374563217163,0.3280099630355835,0.4909747242927551,0.27909520268440247,0.5063560903072357,0.303552582859993,3.1265411376953125,3.36016845703125,1,1,False,Fixation
5.050,0.5177434086799622,0.3468834161758423,0.49417558312416077,0.2710495889186859,0.5059594959020615,0.3089665025472641,3.15203857421875,3.33306884765625,1,1,False,Fixation
5.067,0.5184441804885864,0.3296220302581787,0.48779842257499695,0.2718040347099304,0.5031213015317917,0.30071303248405457,3.11956787109375,3.343017578125,1,1,False,Fixation
5.084,0.520670473575592,0.3231483995914459,0.48872366547584534,0.26415878534317017,0.5046970695257187,0.29365359246730804,3.109130859375,3.3227081298828125,1,1,False,Fixation
5.100,0.5261645317077637,0.3331524133682251,0.4912225902080536,0.2792550027370453,0.5086935609579086,0.3062037080526352,3.10546875,3.3166046142578125,1,1,False,Fixation
5.117,0.5252858996391296,0.3196086287498474,0.49375107884407043,0.2684139609336853,0.5095184892416,0.29401129484176636,3.0841522216796875,3.2944488525390625,1,1,False,Fixation
5.134,0.5244649648666382,0.3208968937397003,0.49403461813926697,0.27419525384902954,0.5092497915029526,0.29754607379436493,3.064483642578125,3.2807464599609375,1,1,False,Fixation
5.150,0.5275176167488098,0.327245831489563,0.4923454523086548,0.2684069275856018,0.5099315345287323,0.2978263795375824,3.0572509765625,3.2624359130859375,1,1,False,Fixation
5.167,0.5260841250419617,0.32578811049461365,0.49779632687568665,0.27444687485694885,0.5119402259588242,0.30011749267578125,3.06146240234375,3.250213623046875,1,1,False,Fixation
5.184,0.5235165953636169,0.33641910552978516,0.49750596284866333,0.27697092294692993,0.5105112791061401,0.30669501423835754,3.03411865234375,3.2507781982421875,1,1,False,Fixation
5.200,0.5227903127670288,0.3298845887184143,0.49369579553604126,0.28815513849258423,0.508243054151535,0.30901986360549927,3.0130462646484375,3.2524871826171875,1,1,False,Fixation
5.217,0.5241615772247314,0.3401626944541931,0.49360227584838867,0.289839506149292,0.5088819265365601,0.31500110030174255,3.001251220703125,3.240386962890625,1,1,False,Fixation
5.233,0.5263709425926208,0.34295111894607544,0.49517083168029785,0.295355886220932,0.5107708871364594,0.3191535025835037,2.998077392578125,3.21551513671875,1,1,False,Fixation
5.250,0.5269567370414734,0.32368558645248413,0.4986533224582672,0.29479461908340454,0.5128050297498703,0.30924010276794434,2.9788665771484375,3.1932220458984375,1,1,False,Fixation
5.267,0.5246016383171082,0.3226606547832489,0.4978330135345459,0.28973352909088135,0.511217325925827,0.3061970919370651,2.979461669921875,3.1984405517578125,1,1,False,Fixation
5.283,0.5273095965385437,0.32459792494773865,0.49861955642700195,0.2956836223602295,0.5129645764827728,0.31014077365398407,2.9601287841796875,3.186065673828125,1,1,False,Fixation
5.299,0.528153657913208,0.3340087831020355,0.49684640765190125,0.2875280976295471,0.5125000327825546,0.3107684403657913,2.9373931884765625,3.1676177978515625,1,1,False,Fixation
5.317,0.5223571062088013,0.3235239088535309,0.4966158866882324,0.2917364835739136,0.5094864964485168,0.30763019621372223,2.9413909912109375,3.1485595703125,1,1,False,Fixation
5.333,0.5237208604812622,0.326366126537323,0.5033219456672668,0.29795318841934204,0.5135214030742645,0.3121596574783325,2.92767333984375,3.12451171875,1,1,False,Fixation
5.349,nan,nan,nan,nan,nan,nan,nan,nan,0,0,False,Saccade
5.367,nan,nan,nan,nan,nan,nan,nan,nan,0,0,False,Saccade
5.383,nan,nan,nan,nan,nan,nan,nan,nan,0,0,False,Saccade
5.399,0.5179152488708496,0.2824941873550415,0.49452683329582214,0.239737406373024,0.5062210410833359,0.26111579686403275,2.8704681396484375,3.021728515625,1,1,False,Saccade
5.417,0.5163260698318481,0.2744542956352234,0.49883782863616943,0.22671206295490265,0.5075819492340088,0.250583179295063,2.8720245361328125,3.04534912109375,1,1,False,Fixation
5.433,0.4999139904975891,0.238529771566391,nan,nan,nan,nan,2.93359375,nan,1,0,False,Saccade
5.449,nan,nan,nan,nan,nan,nan,nan,nan,0,0,False,Saccade
5.466,0.4962451756000519,0.22974839806556702,0.5040149092674255,0.19187523424625397,0.5001300424337387,0.2108118161559105,2.91912841796875,3.0810699462890625,1,1,False,Saccade
5.483,0.5125762820243835,0.25878629088401794,0.4944566488265991,0.22145840525627136,0.5035164654254913,0.24012234807014465,2.8175811767578125,2.9875946044921875,1,1,False,Fixation
5.499,0.5133748650550842,0.26314613223075867,0.4902162551879883,0.22887185215950012,0.5017955601215363,0.2460089921951294,2.8051910400390625,2.985321044921875,1,1,False,Fixation
5.516,0.5161280035972595,0.2688252925872803,0.4952152669429779,0.2181045264005661,0.5056716352701187,0.2434649094939232,2.8073883056640625,2.9798736572265625,1,1,False,Fixation
5.533,0.5195322632789612,0.2613726854324341,0.49479344487190247,0.21549689769744873,0.5071628540754318,0.2384347915649414,2.7948455810546875,2.978851318359375,1,1,False,Fixation
5.549,0.5242593288421631,0.26751908659935,0.49431028962135315,0.209634467959404,0.5092848092317581,0.23857677727937698,2.7881927490234375,2.96319580078125,1,1,False,Fixation
5.566,0.5195408463478088,0.25897422432899475,0.4912206828594208,0.2219763994216919,0.5053807646036148,0.24047531187534332,2.778228759765625,2.9762115478515625,1,1,False,Fixation
5.583,0.5192729830741882,0.26259270310401917,0.49252480268478394,0.2115476429462433,0.5058988928794861,0.23707017302513123,2.7677764892578125,2.9661102294921875,1,1,False,Fixation
5.599,0.5157548785209656,0.2584657073020935,0.49416837096214294,0.20573659241199493,0.5049616247415543,0.23210114985704422,2.7770843505859375,2.947906494140625,1,1,False,Fixation
5.616,0.5195337533950806,0.2545826733112335,0.48935890197753906,0.20976217091083527,0.5044463276863098,0.2321724221110344,2.7737579345703125,2.9557037353515625,1,1,False,Fixation
5.633,0.5183724164962769,0.25644755363464355,0.49123939871788025,0.21601250767707825,0.5048059076070786,0.2362300306558609,2.7746429443359375,2.95281982421875,1,1,False,Fixation
5.649,0.5211410522460938,0.2548210024833679,0.49114876985549927,0.21053160727024078,0.5061449110507965,0.23267630487680435,2.7783355712890625,2.9544219970703125,1,1,False,Fixation
5.666,0.51923006772995,0.24702976644039154,0.4956691563129425,0.20517481863498688,0.5074496120214462,0.2261022925376892,2.7866363525390625,2.9554595947265625,1,1,False,Fixation
5.683,0.5185949802398682,0.23689913749694824,0.4924429655075073,0.20885486900806427,0.5055189728736877,0.22287700325250626,2.7701416015625,2.96807861328125,1,1,False,Fixation
5.699,0.5174580812454224,0.2483060657978058,0.495883971452713,0.206646129488945,0.5066710263490677,0.2274760976433754,2.7586669921875,2.957794189453125,1,1,False,Fixation
5.716,0.5165726542472839,0.23922276496887207,0.4950147271156311,0.20500671863555908,0.5057936906814575,0.22211474180221558,2.760833740234375,2.95184326171875,1,1,False,Fixation
5.733,0.521120548248291,0.24398906528949738,0.49347421526908875,0.20365750789642334,0.5072973817586899,0.22382328659296036,2.785858154296875,2.9671173095703125,1,1,False,Fixation
5.749,0.5286399126052856,0.2520514726638794,0.4900002181529999,0.2104828953742981,0.5093200653791428,0.23126718401908875,2.7971343994140625,2.986236572265625,1,1,False,Fixation
5.766,0.5226671099662781,0.2526470124721527,0.4916422963142395,0.21387110650539398,0.5071547031402588,0.23325905948877335,2.78228759765625,2.981170654296875,1,1,False,Fixation
5.783,nan,nan,nan,nan,nan,nan,nan,nan,0,0,False,Saccade
5.799,0.5280343890190125,0.3435981869697571,0.49207016825675964,0.30723685026168823,0.510052278637886,0.32541751861572266,2.7136993408203125,2.927581787109375,1,1,True,Saccade
5.816,nan,nan,nan,nan,nan,nan,nan,nan,0,0,False,Saccade
5.833,nan,nan,nan,nan,nan,nan,nan,nan,0,0,False,Saccade
5.849,nan,nan,nan,nan,nan,nan,nan,nan,0,0,False,Saccade
5.866,nan,nan,nan,nan,nan,nan,nan,nan,0,0,False,Saccade
5.882,nan,nan,nan,nan,nan,nan,nan,nan,0,0,False,Saccade
5.898,nan,nan,nan,nan,nan,nan,nan,nan,0,0,False,Saccade
5.916,nan,nan,nan,nan,nan,nan,nan,nan,0,0,False,Saccade
5.932,nan,nan,nan,nan,nan,nan,nan,nan,0,0,False,Saccade
5.948,nan,nan,nan,nan,nan,nan,nan,nan,0,0,False,Saccade
5.966,nan,nan,nan,nan,nan,nan,nan,nan,0,0,False,Saccade
5.982,nan,nan,nan,nan,nan,nan,nan,nan,0,0,False,Saccade
5.998,nan,nan,nan,nan,nan,nan,nan,nan,0,0,False,Saccade
6.015,nan,nan,nan,nan,nan,nan,nan,nan,0,0,False,Saccade
6.032,nan,nan,nan,nan,nan,nan,nan,nan,0,0,False,Saccade
6.048,nan,nan,nan,nan,nan,nan,nan,nan,0,0,False,Saccade
6.065,nan,nan,nan,nan,nan,nan,nan,nan,0,0,False,Saccade
6.082,nan,nan,nan,nan,nan,nan,nan,nan,0,0,False,Saccade
6.098,nan,nan,nan,nan,nan,nan,nan,nan,0,0,False,Saccade
6.115,nan,nan,nan,nan,nan,nan,nan,nan,0,0,False,Saccade
6.132,nan,nan,nan,nan,nan,nan,nan,nan,0,0,False,Saccade
6.148,nan,nan,nan,nan,nan,nan,nan,nan,0,0,False,Saccade
6.165,nan,nan,nan,nan,nan,nan,nan,nan,0,0,False,Saccade
6.181,nan,nan,nan,nan,nan,nan,nan,nan,0,0,False,Saccade
6.198,nan,nan,nan,nan,nan,nan,nan,nan,0,0,False,Saccade
6.215,nan,nan,nan,nan,nan,nan,nan,nan,0,0,False,Saccade
6.231,nan,nan,nan,nan,nan,nan,nan,nan,0,0,False,Saccade
6.247,0.5275595188140869,0.3487052321434021,0.47348374128341675,0.31582915782928467,0.5005216300487518,0.3322671949863434,2.8073577880859375,3.10394287109375,1,1,False,Saccade
6.265,0.5209774374961853,0.34977635741233826,0.49261802434921265,0.30655044317245483,0.506797730922699,0.32816340029239655,2.874420166015625,3.1548919677734375,1,1,False,Fixation
6.281,0.5194690227508545,0.3584621250629425,0.4924420416355133,0.30935078859329224,0.5059555321931839,0.33390645682811737,2.8621978759765625,3.1400146484375,1,1,False,Fixation
6.297,0.521994948387146,0.3736796975135803,0.48953157663345337,0.3116813004016876,0.5057632625102997,0.34268049895763397,2.8538818359375,3.136810302734375,1,1,False,Fixation
6.315,0.5179749131202698,0.36062440276145935,0.4948875904083252,0.31457680463790894,0.5064312517642975,0.33760060369968414,2.8439178466796875,3.1329193115234375,1,1,False,Fixation
6.331,0.5191050171852112,0.37058600783348083,0.49616071581840515,0.31548723578453064,0.5076328665018082,0.34303662180900574,2.847503662109375,3.1401519775390625,1,1,False,Fixation
6.347,0.5201070308685303,0.36489710211753845,0.4968712329864502,0.3099144399166107,0.5084891319274902,0.3374057710170746,2.8629150390625,3.131622314453125,1,1,False,Fixation
6.365,0.5223276019096375,0.3637272119522095,0.4941754937171936,0.3027498126029968,0.5082515478134155,0.33323851227760315,2.8502197265625,3.1277313232421875,1,1,False,Fixation
6.381,0.5199602842330933,0.3653180003166199,0.4962381422519684,0.3103892207145691,0.5080992132425308,0.3378536105155945,2.854888916015625,3.1409454345703125,1,1,False,Fixation
6.397,0.5176119208335876,0.3664371073246002,0.49898192286491394,0.3133064806461334,0.5082969218492508,0.3398717939853668,2.8625030517578125,3.1381378173828125,1,1,False,Fixation
6.414,0.5231874585151672,0.35838449001312256,0.4972289502620697,0.31430068612098694,0.5102082043886185,0.33634258806705475,2.8517608642578125,3.13983154296875,1,1,False,Fixation
6.431,0.5201458930969238,0.3530815541744232,0.49423927068710327,0.3122406005859375,0.5071925818920135,0.33266107738018036,2.862091064453125,3.1400299072265625,1,1,False,Fixation
6.447,0.5181534290313721,0.34940779209136963,0.49438533186912537,0.31580066680908203,0.5062693804502487,0.33260422945022583,2.8483734130859375,3.1479339599609375,1,1,False,Fixation
6.464,0.5269298553466797,0.3578234314918518,0.49571484327316284,0.309903621673584,0.5113223493099213,0.3338635265827179,2.8240509033203125,3.1408538818359375,1,1,False,Fixation
6.481,0.5297864675521851,0.3660659193992615,0.4960668683052063,0.31225475668907166,0.5129266679286957,0.33916033804416656,2.833251953125,3.1312103271484375,1,1,False,Fixation
6.497,0.5206153988838196,0.3488273322582245,0.49655234813690186,0.32023510336875916,0.5085838735103607,0.3345312178134918,2.830230712890625,3.1276397705078125,1,1,False,Fixation
6.514,0.5219378471374512,0.3576631546020508,0.4950655996799469,0.32233065366744995,0.508501723408699,0.33999690413475037,2.833953857421875,3.125274658203125,1,1,False,Fixation
6.530,0.524701714515686,0.36259856820106506,0.5001031756401062,0.3273279666900635,0.5124024450778961,0.34496326744556427,2.8417510986328125,3.1105194091796875,1,1,False,Fixation
6.547,0.5220720767974854,0.3686280846595764,0.49681368470191956,0.3239336311817169,0.5094428807497025,0.34628085792064667,2.8311004638671875,3.1132049560546875,1,1,False,Fixation
6.564,0.5222739577293396,0.34999266266822815,0.49275514483451843,0.32468631863594055,0.507514551281929,0.33733949065208435,2.8189239501953125,3.117523193359375,1,1,False,Fixation
6.580,0.5244277715682983,0.3458646535873413,0.4943074584007263,0.31589755415916443,0.5093676149845123,0.33088110387325287,2.804931640625,3.0974578857421875,1,1,False,Fixation
6.597,0.5266262888908386,0.34774062037467957,0.5006967186927795,0.3057866394519806,0.5136615037918091,0.3267636299133301,2.801544189453125,3.0840606689453125,1,1,False,Fixation
6.614,0.5307946801185608,0.3598964512348175,0.5027869343757629,0.3130697011947632,0.5167908072471619,0.33648307621479034,2.8007965087890625,3.0774383544921875,1,1,False,Fixation
6.630,0.5449853539466858,0.3784170150756836,0.5160943269729614,0.34754708409309387,0.5305398404598236,0.36298204958438873,2.7965545654296875,3.058258056640625,1,1,False,Fixation
6.647,0.5532650947570801,0.3827603757381439,0.5201186537742615,0.34923529624938965,0.5366918742656708,0.3659978359937668,2.77044677734375,3.0410003662109375,1,1,False,Fixation
6.664,0.5498595237731934,0.37762609124183655,0.5210326910018921,0.34032344818115234,0.5354461073875427,0.35897476971149445,2.7613983154296875,3.0351715087890625,1,1,False,Fixation
6.680,0.545960009098053,0.3837328255176544,0.516114354133606,0.3485424220561981,0.5310371816158295,0.36613762378692627,2.750946044921875,3.02520751953125,1,1,False,Fixation
6.697,0.5416424870491028,0.38762158155441284,0.5185839533805847,0.34955963492393494,0.5301132202148438,0.3685906082391739,2.7465362548828125,3.0068206787109375,1,1,False,Fixation
6.714,0.5443046689033508,0.3928343653678894,0.5217325687408447,0.3519380986690521,0.5330186188220978,0.37238623201847076,2.746063232421875,2.997100830078125,1,1,False,Fixation
6.730,0.5492486953735352,0.3943466246128082,0.5244123935699463,0.35263463854789734,0.5368305444717407,0.3734906315803528,2.739898681640625,2.9979400634765625,1,1,False,Fixation
6.747,0.5502623915672302,0.3694159984588623,0.518386721611023,0.3491256833076477,0.5343245565891266,0.359270840883255,2.7071990966796875,2.990447998046875,1,1,False,Fixation
6.763,0.5516944527626038,0.37722304463386536,0.5155565738677979,0.3459557592868805,0.5336255133152008,0.3615894019603729,2.6986541748046875,2.973388671875,1,1,False,Fixation
6.780,0.5481164455413818,0.37950748205184937,0.5144637227058411,0.3456924855709076,0.5312900841236115,0.3625999838113785,2.6979217529296875,2.9637451171875,1,1,False,Fixation
6.797,0.5437544584274292,0.3806525766849518,0.5158628225326538,0.34301692247390747,0.5298086404800415,0.3618347495794296,2.69891357421875,2.9496917724609375,1,1,False,Fixation
6.813,0.548302948474884,0.3830922842025757,0.5186085104942322,0.33982619643211365,0.5334557294845581,0.36145924031734467,2.7011566162109375,2.9481964111328125,1,1,False,Fixation
6.830,0.5494277477264404,0.38927391171455383,0.5105018019676208,0.3386150896549225,0.5299647748470306,0.36394450068473816,2.701873779296875,2.9564056396484375,1,1,False,Fixation
6.847,0.5470672845840454,0.37653493881225586,0.5133010149002075,0.33863216638565063,0.5301841497421265,0.35758355259895325,2.6942138671875,2.9446563720703125,1,1,False,Fixation
6.863,0.5461655855178833,0.390806645154953,0.5132842659950256,0.34843963384628296,0.5297249257564545,0.369623139500618,2.685760498046875,2.9529266357421875,1,1,False,Fixation
6.880,0.5440543293952942,0.3960970938205719,0.50470370054245,0.3462262451648712,0.5243790149688721,0.37116166949272156,2.6866607666015625,2.9369354248046875,1,1,False,Fixation
6.896,0.5312418937683105,0.4050602614879608,0.4941942095756531,0.3636161983013153,0.5127180516719818,0.38433822989463806,2.6830902099609375,2.9331207275390625,1,1,False,Fixation
6.913,0.5220218896865845,0.42150557041168213,0.49668920040130615,0.3655405044555664,0.5093555450439453,0.39352303743362427,2.7080841064453125,2.9351654052734375,1,1,False,Fixation
6.930,0.5210031867027283,0.42588913440704346,0.4933457374572754,0.3700924217700958,0.5071744620800018,0.39799077808856964,2.7068328857421875,2.9381103515625,1,1,False,Fixation
6.946,0.5246900320053101,0.41186079382896423,0.49610331654548645,0.36612117290496826,0.5103966742753983,0.38899098336696625,2.69378662109375,2.9425811767578125,1,1,False,Fixation
6.963,0.5210314393043518,0.4064614772796631,0.49938684701919556,0.36190611124038696,0.5102091431617737,0.384183794260025,2.6826934814453125,2.9319610595703125,1,1,False,Fixation
6.980,0.5182483196258545,0.3987225890159607,0.496364027261734,0.35739564895629883,0.5073061734437943,0.37805911898612976,2.672332763671875,2.9380950927734375,1,1,False,Fixation
6.996,0.521178126335144,0.39648377895355225,0.496084988117218,0.35530275106430054,0.508631557226181,0.3758932650089264,2.6730499267578125,2.945465087890625,1,1,False,Fixation
7.013,0.5286049842834473,0.4016677141189575,0.4972480535507202,0.35845497250556946,0.5129265189170837,0.3800613433122635,2.6862945556640625,2.960296630859375,1,1,False,Fixation
7.030,0.5248745679855347,0.4078771471977234,0.4995008707046509,0.3599099814891815,0.5121877193450928,0.38389356434345245,2.6939697265625,2.9651031494140625,1,1,False,Fixation
7.046,0.5244330763816833,0.4159262478351593,0.4998933970928192,0.35860636830329895,0.5121632367372513,0.3872663080692291,2.6952362060546875,2.9638519287109375,1,1,False,Fixation
7.063,0.5226713418960571,0.40344756841659546,0.4913981854915619,0.3575136661529541,0.5070347636938095,0.3804806172847748,2.6790771484375,2.9588165283203125,1,1,False,Fixation
7.080,0.5214427709579468,0.40564820170402527,0.4979690909385681,0.3710936903953552,0.5097059309482574,0.38837094604969025,2.6804046630859375,2.9796905517578125,1,1,False,Fixation
7.096,0.5239828824996948,0.4031434655189514,0.4975223243236542,0.3639909327030182,0.5107526034116745,0.3835671991109848,2.6942901611328125,2.972747802734375,1,1,False,Fixation
7.113,0.5236572027206421,0.412831574678421,0.49618664383888245,0.3679859936237335,0.5099219232797623,0.39040878415107727,2.6966552734375,2.9706878662109375,1,1,False,Fixation
7.130,0.5251392722129822,0.4168674349784851,0.4975966811180115,0.3707754909992218,0.5113679766654968,0.39382146298885345,2.7035675048828125,2.9838104248046875,1,1,False,Fixation
7.146,0.5251327157020569,0.41897621750831604,0.4965429902076721,0.3675386905670166,0.5108378529548645,0.3932574540376663,2.6876678466796875,2.979705810546875,1,1,False,Fixation
7.163,0.5209547877311707,0.42038387060165405,0.4936785399913788,0.36120182275772095,0.5073166638612747,0.3907928466796875,2.697296142578125,2.9783935546875,1,1,False,Fixation
7.180,0.5202997922897339,0.4217750132083893,0.4904467761516571,0.3649899959564209,0.5053732842206955,0.3933825045824051,2.7012786865234375,2.985809326171875,1,1,False,Fixation
7.196,0.5181325078010559,0.4207075238227844,0.4944397509098053,0.3546921908855438,0.5062861293554306,0.3876998573541641,2.6991729736328125,2.9819488525390625,1,1,False,Fixation
7.213,0.5168882608413696,0.41294369101524353,0.49743378162384033,0.3547736406326294,0.507161021232605,0.38385866582393646,2.7020263671875,2.989990234375,1,1,False,Fixation
7.230,0.5215955376625061,0.411653071641922,0.4920516908168793,0.35759979486465454,0.5068236142396927,0.38462643325328827,2.69952392578125,2.9892578125,1,1,False,Fixation
7.246,0.5197626352310181,0.4188934564590454,0.49242839217185974,0.35517236590385437,0.5060955137014389,0.3870329111814499,2.7015838623046875,2.975921630859375,1,1,False,Fixation
7.263,0.5196283459663391,0.4353702962398529,0.49167805910110474,0.35786232352256775,0.5056532025337219,0.3966163098812103,2.715850830078125,2.9778900146484375,1,1,False,Fixation
7.280,0.5150338411331177,0.4311991333961487,0.4941278100013733,0.35837310552597046,0.5045808255672455,0.39478611946105957,2.7122039794921875,2.9844818115234375,1,1,False,Fixation
7.296,0.5232834815979004,0.42781227827072144,0.48842853307724,0.3677569627761841,0.5058560073375702,0.39778462052345276,2.714447021484375,2.9889984130859375,1,1,False,Fixation
7.313,0.5257174372673035,0.4048572778701782,0.49085554480552673,0.36691245436668396,0.5082864910364151,0.3858848661184311,2.7267608642578125,2.951019287109375,1,1,False,Fixation
7.329,nan,nan,nan,nan,nan,nan,nan,nan,0,0,False,Saccade
7.346,nan,nan,nan,nan,nan,nan,nan,nan,0,0,False,Saccade
7.362,nan,nan,nan,nan,nan,nan,nan,nan,0,0,False,Saccade
7.379,nan,nan,nan,nan,nan,nan,nan,nan,0,0,False,Saccade
7.396,nan,nan,nan,nan,nan,nan,nan,nan,0,0,False,Saccade
7.412,0.7120558023452759,0.5423084497451782,nan,nan,nan,nan,2.0240631103515625,nan,1,0,False,Saccade
7.429,nan,nan,0.45065543055534363,0.3869813084602356,nan,nan,nan,2.721588134765625,0,1,False,Saccade
7.446,0.5365915894508362,0.3285926580429077,0.49742597341537476,0.4615825414657593,0.5170087814331055,0.3950875997543335,2.6956024169921875,2.73150634765625,1,1,False,Saccade
7.462,0.5288423895835876,0.3497682511806488,0.5252324342727661,0.3680329918861389,0.5270374119281769,0.35890062153339386,2.722015380859375,3.0850067138671875,1,1,False,Fixation
7.479,0.5279220342636108,0.34324800968170166,0.5144942402839661,0.24946877360343933,0.5212081372737885,0.2963583916425705,2.724639892578125,3.06207275390625,1,1,False,Fixation
7.496,0.5280342698097229,0.3407587707042694,0.5152679085731506,0.2589096426963806,0.5216510891914368,0.299834206700325,2.7047882080078125,3.0493927001953125,1,1,False,Fixation
7.512,0.5305347442626953,0.33899298310279846,0.5152930617332458,0.27618637681007385,0.5229139029979706,0.30758967995643616,2.701416015625,3.0222320556640625,1,1,False,Fixation
7.529,0.5285145044326782,0.3396550416946411,0.5095060467720032,0.27675187587738037,0.5190102756023407,0.30820345878601074,2.7141265869140625,3.0133209228515625,1,1,False,Fixation
7.546,0.5269460678100586,0.34150514006614685,0.5058271884918213,0.27717024087905884,0.5163866281509399,0.30933769047260284,2.7015838623046875,2.9990081787109375,1,1,False,Fixation
7.562,0.5318135619163513,0.34277209639549255,0.507454514503479,0.2703351676464081,0.5196340382099152,0.3065536320209503,2.6960906982421875,2.994049072265625,1,1,False,Fixation
7.579,0.5297086834907532,0.34250715374946594,0.5078545212745667,0.2711426913738251,0.5187816023826599,0.3068249225616455,2.7054901123046875,2.9918060302734375,1,1,False,Fixation
7.596,0.532694399356842,0.3410085439682007,0.5067495703697205,0.2778362035751343,0.5197219848632812,0.3094223737716675,2.693084716796875,2.9859466552734375,1,1,False,Fixation
7.612,0.5258472561836243,0.3397696614265442,0.505180299282074,0.2774941623210907,0.5155137777328491,0.30863191187381744,2.7047576904296875,2.98736572265625,1,1,False,Fixation
7.629,0.5263776779174805,0.33580872416496277,0.5074232220649719,0.27739423513412476,0.5169004499912262,0.30660147964954376,2.7202911376953125,2.9760894775390625,1,1,False,Fixation
7.645,0.5356087684631348,0.33081284165382385,0.5056332349777222,0.271602988243103,0.5206210017204285,0.30120791494846344,2.71917724609375,2.9815216064453125,1,1,False,Fixation
7.662,0.5347928404808044,0.3395516276359558,0.5030154585838318,0.28190863132476807,0.5189041495323181,0.31073012948036194,2.7227935791015625,2.982574462890625,1,1,False,Fixation
7.679,0.5270573496818542,0.33227747678756714,0.5039011240005493,0.2826366722583771,0.5154792368412018,0.3074570745229721,2.71514892578125,2.989044189453125,1,1,False,Fixation
7.695,0.5264193415641785,0.32695990800857544,0.501502275466919,0.2841881811618805,0.5139608085155487,0.30557404458522797,2.6960296630859375,2.9757232666015625,1,1,False,Fixation
7.712,0.5096448063850403,0.32396867871284485,0.4880373477935791,0.2805633842945099,0.4988410770893097,0.30226603150367737,2.7078399658203125,2.9792327880859375,1,1,False,Fixation
7.729,0.49204325675964355,0.31157565116882324,0.4615451991558075,0.25945228338241577,0.4767942279577255,0.2855139672756195,2.7154693603515625,2.99139404296875,1,1,False,Fixation
7.745,0.48816755414009094,0.3240557909011841,0.45886093378067017,0.2729274034500122,0.47351424396038055,0.29849159717559814,2.723419189453125,3.0120697021484375,1,1,False,Fixation
7.762,0.48777392506599426,0.3343285322189331,0.46096184849739075,0.2626500129699707,0.4743678867816925,0.2984892725944519,2.7384490966796875,2.9908599853515625,1,1,False,Fixation
7.779,0.4890337586402893,0.3313230276107788,0.46360886096954346,0.2498418390750885,0.4763213098049164,0.29058243334293365,2.7500152587890625,3.00701904296875,1,1,False,Fixation
7.795,0.4889712333679199,0.3112770617008209,0.4587195813655853,0.25297707319259644,0.4738454073667526,0.2821270674467087,2.69873046875,3.0109100341796875,1,1,False,Fixation
7.812,0.4892585575580597,0.316481351852417,0.4553454518318176,0.25737282633781433,0.47230200469493866,0.28692708909511566,2.71820068359375,3.0048370361328125,1,1,False,Fixation
7.829,0.48958832025527954,0.32166510820388794,0.46026700735092163,0.2522295415401459,0.4749276638031006,0.2869473248720169,2.723785400390625,3.0147552490234375,1,1,False,Fixation
7.845,0.4895181953907013,0.3175165355205536,0.4576437771320343,0.2485865354537964,0.4735809862613678,0.283051535487175,2.728424072265625,3.0077362060546875,1,1,False,Fixation
7.862,0.49167343974113464,0.30527108907699585,0.4625588357448578,0.25364843010902405,0.4771161377429962,0.27945975959300995,2.7197723388671875,3.0230255126953125,1,1,False,Fixation
7.879,0.4905449450016022,0.32275688648223877,0.4639549255371094,0.25426676869392395,0.4772499352693558,0.28851182758808136,2.73504638671875,3.018096923828125,1,1,False,Fixation
7.895,0.4902758002281189,0.32357877492904663,0.46479153633117676,0.25521910190582275,0.4775336682796478,0.2893989384174347,2.728759765625,3.0167083740234375,1,1,False,Fixation
7.912,0.4888697862625122,0.32559680938720703,0.4651848077774048,0.2620869278907776,0.4770272970199585,0.2938418686389923,2.7346038818359375,3.0201416015625,1,1,False,Fixation
7.929,0.4900266230106354,0.3264985978603363,0.45969486236572266,0.2586352825164795,0.474860742688179,0.2925669401884079,2.7265777587890625,3.0170745849609375,1,1,False,Fixation
7.945,0.4906145930290222,0.31344419717788696,0.45825380086898804,0.26343291997909546,0.4744341969490051,0.2884385585784912,2.7133941650390625,3.014434814453125,1,1,False,Fixation
7.962,0.4895326793193817,0.32437223196029663,0.46073979139328003,0.2625894844532013,0.47513623535633087,0.29348085820674896,2.727630615234375,3.0067291259765625,1,1,False,Fixation
7.978,0.4904367923736572,0.3168758153915405,0.463724285364151,0.26557454466819763,0.4770805388689041,0.2912251800298691,2.7153472900390625,3.0110626220703125,1,1,False,Fixation
7.995,0.48877495527267456,0.3312944173812866,0.461965411901474,0.2662908434867859,0.4753701835870743,0.29879263043403625,2.7228240966796875,3.01031494140625,1,1,False,Fixation
8.012,0.49545353651046753,0.31416547298431396,0.4617881178855896,0.26932916045188904,0.47862082719802856,0.2917473167181015,2.7041778564453125,3.0036163330078125,1,1,False,Fixation
8.029,0.4944402873516083,0.3048843443393707,0.4610194265842438,0.2642649710178375,0.477729856967926,0.2845746576786041,2.6866455078125,3.0015716552734375,1,1,False,Fixation
8.045,0.48827385902404785,0.30336880683898926,0.4586399495601654,0.2683231234550476,0.47345690429210663,0.28584596514701843,2.6957550048828125,3.0074462890625,1,1,False,Fixation
8.062,0.4889010190963745,0.31852099299430847,0.4625575542449951,0.2744053602218628,0.4757292866706848,0.29646317660808563,2.7099761962890625,3.015960693359375,1,1,False,Fixation
8.078,0.48852208256721497,0.32702144980430603,0.45917537808418274,0.2735280990600586,0.47384873032569885,0.3002747744321823,2.705291748046875,3.00408935546875,1,1,False,Fixation
8.095,0.49372923374176025,0.31087979674339294,0.4568004012107849,0.27241572737693787,0.4752648174762726,0.2916477620601654,2.6876220703125,2.9988861083984375,1,1,False,Fixation
8.111,0.4943596422672272,0.3074903190135956,0.45884785056114197,0.25905853509902954,0.47660374641418457,0.28327442705631256,2.6884765625,2.99713134765625,1,1,False,Fixation
8.128,0.4947509467601776,0.31258922815322876,0.4609776437282562,0.27548590302467346,0.4778642952442169,0.2940375655889511,2.6944122314453125,3.003631591796875,1,1,False,Fixation
8.145,0.4944040775299072,0.3227185010910034,0.4632134437561035,0.271519273519516,0.47880876064300537,0.2971188873052597,2.706207275390625,3.000457763671875,1,1,False,Fixation
8.161,0.4988645613193512,0.31535804271698,0.4661250412464142,0.27284377813339233,0.4824948012828827,0.29410091042518616,2.6799468994140625,2.9974517822265625,1,1,False,Fixation
8.178,0.49546781182289124,0.3111743927001953,0.4672485888004303,0.2713710367679596,0.48135820031166077,0.29127271473407745,2.6918487548828125,2.999755859375,1,1,False,Fixation
8.194,0.4970194101333618,0.31861990690231323,0.46557316184043884,0.27586376667022705,0.48129628598690033,0.29724183678627014,2.695465087890625,3.004638671875,1,1,False,Fixation
8.211,0.5004379749298096,0.32155922055244446,0.467403769493103,0.2764326333999634,0.4839208722114563,0.2989959269762039,2.6934967041015625,3.000885009765625,1,1,False,Fixation
8.228,0.49442508816719055,0.3112609088420868,0.4621712565422058,0.2725960314273834,0.4782981723546982,0.2919284701347351,2.673614501953125,2.9851226806640625,1,1,False,Fixation
8.244,0.4958875775337219,0.3159412443637848,0.4642168879508972,0.2723597586154938,0.48005223274230957,0.2941505014896393,2.6739654541015625,2.979705810546875,1,1,False,Fixation
8.261,0.49701353907585144,0.31612882018089294,0.4645608961582184,0.27704086899757385,0.4807872176170349,0.2965848445892334,2.682952880859375,2.999725341796875,1,1,False,Fixation
8.278,0.49122947454452515,0.3180805444717407,0.4641866385936737,0.272752046585083,0.4777080565690994,0.29541629552841187,2.6789703369140625,2.9791107177734375,1,1,False,Fixation
8.294,0.49179109930992126,0.31577545404434204,0.46625757217407227,0.2799702286720276,0.47902433574199677,0.2978728413581848,2.6829681396484375,2.967498779296875,1,1,False,Fixation
8.311,0.49739983677864075,0.31734365224838257,0.46589985489845276,0.2809787094593048,0.48164984583854675,0.2991611808538437,2.6675872802734375,2.9745635986328125,1,1,False,Fixation
8.328,0.49875548481941223,0.3117368817329407,0.4667118191719055,0.2751634120941162,0.4827336519956589,0.29345014691352844,2.650115966796875,2.965423583984375,1,1,False,Fixation
8.344,0.5009316802024841,0.30399495363235474,0.46810904145240784,0.27982181310653687,0.484520360827446,0.2919083833694458,2.643951416015625,2.9639739990234375,1,1,False,Fixation
8.361,0.49831053614616394,0.30837804079055786,0.4637402594089508,0.2719770669937134,0.4810253977775574,0.2901775538921356,2.6325225830078125,2.9500732421875,1,1,False,Fixation
8.378,0.5071290731430054,0.32221102714538574,0.4666050970554352,0.2718842923641205,0.4868670850992203,0.2970476597547531,2.6401519775390625,2.949371337890625,1,1,False,Fixation
8.394,0.5178683400154114,0.3102862536907196,0.485674649477005,0.2712034583091736,0.5017714947462082,0.2907448559999466,2.6559600830078125,2.9467315673828125,1,1,False,Fixation
8.411,0.5526502132415771,0.31358811259269714,0.5190609693527222,0.2823648750782013,0.5358555912971497,0.2979764938354492,2.6548309326171875,2.9371490478515625,1,1,False,Fixation
8.428,0.572536826133728,0.3144611716270447,0.5313980579376221,0.28473734855651855,0.551967442035675,0.2995992600917816,2.6529083251953125,2.9286956787109375,1,1,False,Fixation
8.444,0.5704837441444397,0.30320510268211365,0.5361924171447754,0.2780217230319977,0.5533380806446075,0.29061341285705566,2.66204833984375,2.9395904541015625,1,1,False,Fixation
8.461,0.5715296268463135,0.3044612407684326,0.5373205542564392,0.27609434723854065,0.5544250905513763,0.29027779400348663,2.6458282470703125,2.9295806884765625,1,1,False,Fixation
8.478,0.5731121301651001,0.3028240203857422,0.5325881242752075,0.27298393845558167,0.5528501272201538,0.2879039794206619,2.6420440673828125,2.9276275634765625,1,1,False,Fixation
8.494,0.567367672920227,0.30980393290519714,0.5337880849838257,0.2762076258659363,0.5505778789520264,0.2930057793855667,2.65704345703125,2.92840576171875,1,1,False,Fixation
8.511,0.5655189752578735,0.2981850802898407,0.5362861156463623,0.2746240794658661,0.5509025454521179,0.2864045798778534,2.6252899169921875,2.931121826171875,1,1,False,Fixation
8.528,0.5701476335525513,0.31033840775489807,0.5338497757911682,0.2772899866104126,0.5519987046718597,0.29381419718265533,2.6379547119140625,2.9500732421875,1,1,False,Fixation
8.544,0.5664459466934204,0.31449970602989197,0.5309796333312988,0.2700538635253906,0.5487127900123596,0.2922767847776413,2.6577606201171875,2.9508514404296875,1,1,False,Fixation
8.561,0.5732308626174927,0.3016638457775116,0.5330262780189514,0.26962828636169434,0.553128570318222,0.28564606606960297,2.629180908203125,2.947906494140625,1,1,False,Fixation
8.577,0.5722283720970154,0.30163490772247314,0.5346380472183228,0.2691706418991089,0.5534332096576691,0.285402774810791,2.6406707763671875,2.9583740234375,1,1,False,Fixation
8.594,0.5685917139053345,0.3117324411869049,0.5364890694618225,0.26540809869766235,0.5525403916835785,0.28857026994228363,2.67559814453125,2.9574737548828125,1,1,False,Fixation
8.611,0.5669222474098206,0.29786747694015503,0.5330798029899597,0.26275956630706787,0.5500010251998901,0.28031352162361145,2.6442718505859375,2.9505767822265625,1,1,False,Fixation
8.627,0.5694752931594849,0.29818612337112427,0.535341203212738,0.2652946412563324,0.5524082481861115,0.28174038231372833,2.65435791015625,2.9663543701171875,1,1,False,Fixation
8.644,0.5693358182907104,0.29827630519866943,0.5367127060890198,0.262856662273407,0.5530242621898651,0.2805664837360382,2.665313720703125,2.96990966796875,1,1,False,Fixation
8.660,0.568278431892395,0.29578885436058044,0.5369632840156555,0.27033939957618713,0.5526208579540253,0.2830641269683838,2.659210205078125,2.98565673828125,1,1,False,Fixation
8.677,0.5700193643569946,0.29258638620376587,0.535849392414093,0.26827096939086914,0.5529343783855438,0.2804286777973175,2.6556396484375,2.9857025146484375,1,1,False,Fixation
8.694,0.5763282775878906,0.2971278131008148,0.5359913110733032,0.26283544301986694,0.5561597943305969,0.2799816280603409,2.63787841796875,2.9908599853515625,1,1,False,Fixation
8.710,0.5691840052604675,0.30931809544563293,0.5325396656990051,0.26253560185432434,0.5508618354797363,0.28592684864997864,2.6553802490234375,2.99530029296875,1,1,False,Fixation
8.727,0.571336030960083,0.30862727761268616,0.5375300049781799,0.2684174180030823,0.5544330179691315,0.2885223478078842,2.6894989013671875,2.998077392578125,1,1,False,Fixation
8.744,0.5677526593208313,0.291771799325943,0.534941554069519,0.2675563395023346,0.5513471066951752,0.2796640694141388,2.6760406494140625,3.003448486328125,1,1,False,Fixation
8.760,0.567896842956543,0.2918371260166168,0.534778892993927,0.26687324047088623,0.551337867975235,0.2793551832437515,2.672088623046875,3.007080078125,1,1,False,Fixation
8.777,0.5679187178611755,0.3052870035171509,0.5358770489692688,0.2612247169017792,0.5518978834152222,0.283255860209465,2.697662353515625,3.0162506103515625,1,1,False,Fixation
8.793,0.5668050646781921,0.23164884746074677,0.5423911213874817,0.21416756510734558,0.5545980930328369,0.22290820628404617,2.709930419921875,3.0438690185546875,1,1,False,Fixation
8.810,0.5675264000892639,0.08008922636508942,0.53855299949646,0.08318142592906952,0.5530396997928619,0.08163532614707947,2.704681396484375,3.049285888671875,1,1,False,Fixation
8.827,0.5537665486335754,-0.08215347677469254,0.5157188177108765,-0.11781185865402222,0.534742683172226,-0.09998266771435738,2.722747802734375,3.0947723388671875,1,1,False,Fixation
8.843,0.5526691675186157,-0.10864010453224182,0.5168480277061462,-0.1279853731393814,0.534758597612381,-0.11831273883581161,2.753082275390625,3.12005615234375,1,1,False,Fixation
8.860,0.5501313805580139,-0.11405693739652634,0.5155347585678101,-0.13257548213005066,0.532833069562912,-0.1233162097632885,2.7571563720703125,3.1298828125,1,1,False,Fixation
8.877,0.5468337535858154,-0.11546039581298828,0.5070515275001526,-0.12338563054800034,0.526942640542984,-0.11942301318049431,2.7721099853515625,3.128662109375,1,1,False,Fixation
8.893,0.5454199910163879,-0.10208864510059357,0.5013942122459412,-0.1315615326166153,0.5234071016311646,-0.11682508885860443,2.762847900390625,3.1282958984375,1,1,False,Fixation
8.910,0.5488395690917969,-0.10588693618774414,0.5055097341537476,-0.1299133151769638,0.5271746516227722,-0.11790012568235397,2.7635345458984375,3.1282958984375,1,1,False,Fixation
8.927,0.5487009882926941,-0.10009694844484329,0.5022313594818115,-0.12844473123550415,0.5254661738872528,-0.11427083984017372,2.7665557861328125,3.1459503173828125,1,1,False,Fixation
8.943,0.5487175583839417,-0.1018349677324295,0.501600444316864,-0.1278666853904724,0.5251590013504028,-0.11485082656145096,2.7705230712890625,3.153961181640625,1,1,False,Fixation
8.960,0.5510375499725342,-0.09594368934631348,0.5026168823242188,-0.13482622802257538,0.5268272161483765,-0.11538495868444443,2.766632080078125,3.165374755859375,1,1,False,Fixation
8.977,0.5548296570777893,-0.09808839857578278,0.5033608078956604,-0.13485677540302277,0.5290952324867249,-0.11647258698940277,2.777923583984375,3.1727447509765625,1,1,False,Fixation
8.993,0.5484875440597534,-0.10947796702384949,0.5013511180877686,-0.1294449120759964,0.524919331073761,-0.11946143954992294,2.7830352783203125,3.1697540283203125,1,1,False,Fixation
9.010,0.5503207445144653,-0.10854198038578033,0.5036787986755371,-0.13176579773426056,0.5269997715950012,-0.12015388906002045,2.790252685546875,3.1600799560546875,1,1,False,Fixation
9.027,0.5418069958686829,-0.10417604446411133,0.4994403123855591,-0.1397491693496704,0.520623654127121,-0.12196260690689087,2.8093109130859375,3.1623992919921875,1,1,False,Fixation
9.043,0.3854832053184509,-0.0620776042342186,0.3586428165435791,-0.10888249427080154,0.372063010931015,-0.08548004925251007,2.839324951171875,3.19830322265625,1,1,False,Fixation
9.060,0.3126264214515686,-0.031590890139341354,0.26437878608703613,-0.09729315340518951,0.28850260376930237,-0.06444202177226543,2.8262481689453125,3.21514892578125,1,1,False,Fixation
9.077,0.2664881944656372,-0.01283125951886177,0.20483747124671936,-0.09891749173402786,0.23566283285617828,-0.05587437562644482,2.8233489990234375,3.2204132080078125,1,1,False,Fixation
9.093,0.25977930426597595,-0.0063155777752399445,0.20210950076580048,-0.10636495798826218,0.23094440251588821,-0.05634026788175106,2.8209228515625,3.2076263427734375,1,1,False,Fixation
9.110,0.2633148729801178,-0.014622893184423447,0.20196330547332764,-0.1056424006819725,0.23263908922672272,-0.060132646933197975,2.8193206787109375,3.2095947265625,1,1,False,Fixation
9.127,0.2643795311450958,-0.015501475892961025,0.2040635198354721,-0.10770518332719803,0.23422152549028397,-0.06160332961007953,2.820281982421875,3.206695556640625,1,1,False,Fixation
9.143,0.25900235772132874,-0.023147109895944595,0.19860680401325226,-0.11125092953443527,0.2288045808672905,-0.06719901971518993,2.8091278076171875,3.20361328125,1,1,False,Fixation
9.160,0.2646329402923584,-0.027880890294909477,0.19857782125473022,-0.11449054628610611,0.2316053807735443,-0.0711857182905078,2.811309814453125,3.220703125,1,1,False,Fixation
9.177,0.2667499780654907,-0.02404692769050598,0.19720110297203064,-0.11112909018993378,0.23197554051876068,-0.06758800894021988,2.8150482177734375,3.2254180908203125,1,1,False,Fixation
9.193,0.20995508134365082,-0.021312721073627472,0.14458759129047394,-0.11706814169883728,0.17727133631706238,-0.06919043138623238,2.8428497314453125,3.24212646484375,1,1,False,Fixation
9.210,0.16089047491550446,-0.017283406108617783,0.08904368430376053,-0.11716844886541367,0.12496707960963249,-0.06722592748701572,2.8494873046875,3.25189208984375,1,1,False,Fixation
9.226,0.13049264252185822,-0.016642119735479355,0.0641435906291008,-0.1337871551513672,0.09731811657547951,-0.07521463744342327,2.851806640625,3.277801513671875,1,1,False,Fixation
9.243,0.13411647081375122,-0.01670076511800289,0.058664724230766296,-0.13470157980918884,0.09639059752225876,-0.07570117246359587,2.863250732421875,3.2779693603515625,1,1,False,Fixation
9.260,0.13738052546977997,-0.0055388533510267735,0.05939417704939842,-0.145165354013443,0.0983873512595892,-0.07535210368223488,2.8588409423828125,3.285675048828125,1,1,False,Fixation
9.276,0.13929592072963715,-0.007896414026618004,0.061102498322725296,-0.14347518980503082,0.10019920952618122,-0.07568580191582441,2.8514556884765625,3.288421630859375,1,1,False,Fixation
9.293,0.13947486877441406,-0.011993282474577427,0.06463209539651871,-0.14212431013584137,0.10205348208546638,-0.0770587963052094,2.8661956787109375,3.3089752197265625,1,1,False,Fixation
9.310,0.13791726529598236,-0.016777249053120613,0.06467891484498978,-0.14353561401367188,0.10129809007048607,-0.08015643153339624,2.8711090087890625,3.3095550537109375,1,1,False,Fixation
9.326,0.12020917236804962,-0.007982575334608555,nan,nan,nan,nan,2.8723602294921875,nan,1,0,False,Saccade
9.343,0.07012736052274704,-0.014518605545163155,-0.02021951787173748,-0.13659705221652985,0.02495392132550478,-0.0755578288808465,2.894561767578125,3.331146240234375,1,1,False,Saccade
9.359,0.07203744351863861,-0.013327022083103657,-0.015611355192959309,-0.14046065509319305,0.02821304416283965,-0.07689383858814836,2.8855438232421875,3.3256988525390625,1,1,False,Fixation
9.376,0.06882359087467194,-0.009345591068267822,nan,nan,nan,nan,2.8910369873046875,nan,1,0,False,Saccade
9.393,0.07331393659114838,-0.0040666162967681885,-0.019768014550209045,-0.14032059907913208,0.026772961020469666,-0.07219360768795013,2.89056396484375,3.3361053466796875,1,1,False,Saccade
9.409,0.06951378285884857,-0.008966497145593166,-0.01904924213886261,-0.1436890810728073,0.02523227035999298,-0.07632778910920024,2.906158447265625,3.325958251953125,1,1,False,Fixation
9.426,0.06234654411673546,-0.008231512270867825,nan,nan,nan,nan,2.9065704345703125,nan,1,0,False,Saccade
9.442,0.0629865974187851,-0.0008726823725737631,-0.01938335783779621,-0.14474712312221527,0.021801619790494442,-0.07280990274739452,2.913360595703125,3.3426666259765625,1,1,False,Saccade
9.459,0.06374674290418625,-0.009698235429823399,-0.01923459954559803,-0.142862007021904,0.02225607167929411,-0.0762801212258637,2.9156036376953125,3.3347625732421875,1,1,False,Fixation
9.476,0.06217413768172264,-0.00857565924525261,-0.019848845899105072,-0.1496993452310562,0.021162645891308784,-0.07913750223815441,2.9152374267578125,3.3563079833984375,1,1,False,Fixation
9.492,0.06299571692943573,0.00025536009343340993,-0.01779218763113022,-0.14680935442447662,0.022601764649152756,-0.0732769971655216,2.923858642578125,3.359527587890625,1,1,False,Fixation
9.509,0.06854844838380814,-0.004718647338449955,-0.013445110991597176,-0.1375209540128708,0.02755166869610548,-0.07111980067566037,2.9148101806640625,3.3323822021484375,1,1,False,Fixation
9.526,0.06847462803125381,-0.012114166282117367,nan,nan,nan,nan,2.9226837158203125,nan,1,0,False,Saccade
9.542,0.06697983294725418,-0.009150420315563679,-0.01484912820160389,-0.14323429763317108,0.026065352372825146,-0.07619235897436738,2.9330902099609375,3.3349456787109375,1,1,False,Saccade
9.559,0.06700042635202408,-0.00911614391952753,-0.013937111012637615,-0.14365705847740173,0.02653165766969323,-0.07638660119846463,2.9318389892578125,3.3488311767578125,1,1,False,Fixation
9.576,0.06595654040575027,-0.007781455758959055,nan,nan,nan,nan,2.9267120361328125,nan,1,0,False,Saccade
9.592,0.06655106693506241,0.004350929521024227,-0.010552848689258099,-0.13335609436035156,0.027999109122902155,-0.06450258241966367,2.916412353515625,3.312713623046875,1,1,False,Saccade
9.609,0.06406345218420029,0.010799866169691086,-0.015540817752480507,-0.13987958431243896,0.02426131721585989,-0.06453985907137394,2.916656494140625,3.3441925048828125,1,1,False,Fixation
9.626,0.066637322306633,0.010719165205955505,-0.017331533133983612,-0.1382620483636856,0.024652894586324692,-0.06377144157886505,2.9275360107421875,3.353179931640625,1,1,False,Fixation
9.642,0.06903976202011108,0.00845084898173809,-0.02106376364827156,-0.148293137550354,0.02398799918591976,-0.06992114428430796,2.907501220703125,3.3460845947265625,1,1,False,Fixation
9.659,0.06675468385219574,0.00787284690886736,-0.01994592323899269,-0.14563268423080444,0.023404380306601524,-0.06887991866096854,2.9216156005859375,3.34912109375,1,1,False,Fixation
9.676,0.06504036486148834,0.007448007818311453,-0.01603049971163273,-0.1468431055545807,0.024504932574927807,-0.06969754886813462,2.9197235107421875,3.3556060791015625,1,1,False,Fixation
9.692,0.06948651373386383,0.004255722742527723,-0.018291475251317024,-0.14772078394889832,0.025597519241273403,-0.0717325306031853,2.911895751953125,3.343536376953125,1,1,False,Fixation
9.709,0.06846669316291809,0.005839872639626265,-0.011108231730759144,-0.1394236981868744,0.028679230716079473,-0.06679191277362406,2.905029296875,3.33258056640625,1,1,False,Fixation
9.726,0.0708707943558693,-0.0034802393056452274,-0.01475828792899847,-0.15062841773033142,0.02805625321343541,-0.07705432851798832,2.9138031005859375,3.35333251953125,1,1,False,Fixation
9.742,0.1066247969865799,-0.018355896696448326,0.026912730187177658,-0.14623044431209564,0.06676876358687878,-0.08229317050427198,2.940643310546875,3.35980224609375,1,1,False,Fixation
9.759,0.19850358366966248,-0.05059438571333885,nan,nan,nan,nan,2.9735107421875,nan,1,0,False,Saccade
9.776,0.42785659432411194,-0.1168939396739006,nan,nan,nan,nan,3.00616455078125,nan,1,0,False,Saccade
9.792,0.7158622145652771,-0.1416025012731552,0.7219207286834717,-0.13749118149280548,0.7188914716243744,-0.13954684138298035,2.985321044921875,3.3033599853515625,1,1,False,Saccade
9.809,0.8401897549629211,-0.1351168304681778,0.7951633334159851,-0.12127865105867386,0.8176765441894531,-0.12819774076342583,3.0034332275390625,3.3209686279296875,1,1,False,Fixation
9.826,0.9600810408592224,-0.12382682412862778,0.8991904854774475,-0.09785287082195282,0.929635763168335,-0.1108398474752903,3.031951904296875,3.3399658203125,1,1,False,Fixation
9.842,0.9560637474060059,-0.12924505770206451,0.9004372358322144,-0.0978795737028122,0.9282504916191101,-0.11356231570243835,3.0355072021484375,3.3617706298828125,1,1,False,Fixation
9.859,0.9549306631088257,-0.13219992816448212,0.9017993211746216,-0.10275144875049591,0.9283649921417236,-0.11747568845748901,3.036163330078125,3.34368896484375,1,1,False,Fixation
9.875,0.9537301063537598,-0.13129785656929016,0.8926286101341248,-0.08922129124403,0.9231793582439423,-0.11025957390666008,3.0345916748046875,3.3359832763671875,1,1,False,Fixation
9.892,0.9487146735191345,-0.13302136957645416,0.8932102918624878,-0.0865645706653595,0.9209624826908112,-0.10979297012090683,3.030029296875,3.33624267578125,1,1,False,Fixation
9.909,0.9530750513076782,-0.12948662042617798,0.8924134373664856,-0.09399228543043137,0.9227442443370819,-0.11173945292830467,3.027984619140625,3.3334197998046875,1,1,False,Fixation
9.925,0.9530147910118103,-0.127064049243927,0.8953565359115601,-0.09509915113449097,0.9241856634616852,-0.11108160018920898,3.03662109375,3.3253631591796875,1,1,False,Fixation
9.942,0.9474143385887146,-0.12443879246711731,0.8950374722480774,-0.09874816238880157,0.921225905418396,-0.11159347742795944,3.0354156494140625,3.33502197265625,1,1,False,Fixation
9.958,0.9496784210205078,-0.12835130095481873,0.896388590335846,-0.10287665575742722,0.9230335056781769,-0.11561397835612297,3.034027099609375,3.3412933349609375,1,1,False,Fixation
9.975,0.9537469744682312,-0.13583466410636902,nan,nan,nan,nan,3.0374908447265625,nan,1,0,False,Saccade
9.992,0.954289972782135,-0.1397237628698349,0.8915138840675354,-0.08122321963310242,0.9229019284248352,-0.11047349125146866,3.033538818359375,3.3355560302734375,1,1,False,Saccade
10.008,0.9532033205032349,-0.13052040338516235,0.8904939293861389,-0.08290065824985504,0.9218486249446869,-0.1067105308175087,3.04022216796875,3.3314971923828125,1,1,False,Fixation
10.025,0.9513547420501709,-0.1286710500717163,nan,nan,nan,nan,3.039093017578125,nan,1,0,False,Saccade
10.042,0.964519202709198,-0.13607992231845856,0.8923143148422241,-0.09149251878261566,0.9284167587757111,-0.11378622055053711,3.0322418212890625,3.3395233154296875,1,1,False,Saccade
10.058,0.9620455503463745,-0.13882635533809662,0.8918102383613586,-0.08967026323080063,0.9269278943538666,-0.11424830928444862,3.027374267578125,3.342193603515625,1,1,False,Fixation
10.075,0.9602904915809631,-0.13413049280643463,nan,nan,nan,nan,3.0247802734375,nan,1,0,False,Saccade
10.091,0.962769627571106,-0.13327986001968384,0.8933866620063782,-0.08282309025526047,0.9280781447887421,-0.10805147513747215,3.0343170166015625,3.3592681884765625,1,1,False,Saccade
10.108,0.9623773694038391,-0.130499929189682,0.892166793346405,-0.08674783259630203,0.9272720813751221,-0.10862388089299202,3.04156494140625,3.354034423828125,1,1,False,Fixation
10.125,0.9616459608078003,-0.14002907276153564,0.9027522206306458,-0.11671276390552521,0.932199090719223,-0.12837091833353043,3.03759765625,3.398712158203125,1,1,False,Fixation
10.141,0.9609065651893616,-0.1341949999332428,0.8986417651176453,-0.12105031311511993,0.9297741651535034,-0.12762265652418137,3.0388641357421875,3.4076385498046875,1,1,False,Fixation
10.158,0.9603734016418457,-0.14102843403816223,0.8953749537467957,-0.08540681004524231,0.9278741776943207,-0.11321762204170227,3.0456085205078125,3.386077880859375,1,1,False,Fixation
10.175,0.9605597257614136,-0.1410672962665558,0.8965757489204407,-0.10352397710084915,0.9285677373409271,-0.12229563668370247,3.052581787109375,3.420654296875,1,1,False,Fixation
10.191,0.955301821231842,-0.13805650174617767,0.8920478224754333,-0.09292969107627869,0.9236748218536377,-0.11549309641122818,3.047149658203125,3.4374542236328125,1,1,False,Fixation
10.208,0.9559446573257446,-0.13580699265003204,0.8934900760650635,-0.09780573099851608,0.924717366695404,-0.11680636182427406,3.0451812744140625,3.4535369873046875,1,1,False,Fixation
10.225,0.957769513130188,-0.13376209139823914,0.8945969939231873,-0.09825386852025986,0.9261832535266876,-0.1160079799592495,3.053497314453125,3.4569244384765625,1,1,False,Fixation
10.241,0.9654006361961365,-0.12604543566703796,0.8975995182991028,-0.10802634805440903,0.9315000772476196,-0.1170358918607235,3.0507049560546875,3.470489501953125,1,1,False,Fixation
10.258,0.965512216091156,-0.12669269740581512,0.8985946178436279,-0.11000166088342667,0.932053416967392,-0.1183471791446209,3.055267333984375,3.4852142333984375,1,1,False,Fixation
10.275,0.9658262133598328,-0.12827439606189728,0.8974088430404663,-0.102256178855896,0.9316175282001495,-0.11526528745889664,3.062835693359375,3.498260498046875,1,1,False,Fixation
10.291,0.9634782075881958,-0.12383781373500824,0.8980473875999451,-0.10229770839214325,0.9307627975940704,-0.11306776106357574,3.06689453125,3.4947052001953125,1,1,False,Fixation
10.308,0.9657232761383057,-0.12727972865104675,0.893427848815918,-0.09892158955335617,0.9295755624771118,-0.11310065910220146,3.070068359375,3.4953765869140625,1,1,False,Fixation
10.325,0.9703685641288757,-0.12183810025453568,0.893638551235199,-0.10242988914251328,0.9320035576820374,-0.11213399469852448,3.0618133544921875,3.49603271484375,1,1,False,Fixation
10.341,0.9667523503303528,-0.12258463352918625,0.8945222496986389,-0.10446713864803314,0.9306373000144958,-0.1135258860886097,3.067230224609375,3.5006866455078125,1,1,False,Fixation
10.358,0.9688005447387695,-0.11458311975002289,0.899308443069458,-0.09708893299102783,0.9340544939041138,-0.10583602637052536,3.0567169189453125,3.5100860595703125,1,1,False,Fixation
10.375,0.9661235809326172,-0.11859983950853348,0.8925567865371704,-0.09382149577140808,0.9293401837348938,-0.10621066763997078,3.0469970703125,3.49951171875,1,1,False,Fixation
10.391,0.9658441543579102,-0.11136474460363388,0.894392728805542,-0.09501983970403671,0.9301184415817261,-0.1031922921538353,3.042510986328125,3.4913330078125,1,1,False,Fixation
10.408,0.9625392556190491,-0.11385605484247208,0.8912908434867859,-0.09365130960941315,0.9269150495529175,-0.10375368222594261,3.0586700439453125,3.494537353515625,1,1,False,Fixation
10.425,0.9573647379875183,-0.1232995092868805,0.8995368480682373,-0.09989175945520401,0.9284507930278778,-0.11159563437104225,3.0570831298828125,3.493499755859375,1,1,False,Fixation
10.441,0.9567831158638,-0.12241582572460175,0.8977638483047485,-0.0955689549446106,0.9272734820842743,-0.10899239033460617,3.0454254150390625,3.493133544921875,1,1,False,Fixation
10.458,0.9558905363082886,-0.11823954433202744,0.8955023884773254,-0.09461073577404022,0.925696462392807,-0.10642514005303383,3.0475006103515625,3.480804443359375,1,1,False,Fixation
10.475,0.9701208472251892,-0.12057286500930786,0.9062877893447876,-0.08571597933769226,0.9382043182849884,-0.10314442217350006,3.044219970703125,3.4868011474609375,1,1,False,Fixation
10.491,0.9640651941299438,-0.12310892343521118,0.8994503021240234,-0.07926981151103973,0.9317577481269836,-0.10118936747312546,3.0561676025390625,3.477264404296875,1,1,False,Fixation
10.508,0.9604384303092957,-0.11815420538187027,0.8997975587844849,-0.09794330596923828,0.9301179945468903,-0.10804875567555428,3.040374755859375,3.4678192138671875,1,1,False,Fixation
10.525,0.8688116073608398,-0.08335825055837631,0.8049178719520569,-0.0716494545340538,0.8368647396564484,-0.07750385254621506,3.055877685546875,3.4835968017578125,1,1,False,Fixation
10.541,0.6108821630477905,-0.014192472212016582,0.6237427592277527,-0.04456193745136261,0.6173124611377716,-0.029377204831689596,3.0308685302734375,3.490325927734375,1,1,False,Fixation
10.557,0.4920804798603058,0.051646601408720016,0.4797292649745941,-0.0002778717898763716,0.48590487241744995,0.025684364809421822,3.0037841796875,3.4628143310546875,1,1,False,Fixation
10.574,0.3389809727668762,0.1487395465373993,0.27197203040122986,0.08612171560525894,0.30547650158405304,0.11743063107132912,2.97308349609375,3.452484130859375,1,1,False,Fixation
10.591,0.3251774311065674,0.24323031306266785,0.25861719250679016,0.15315969288349152,0.29189731180667877,0.19819500297307968,2.9709320068359375,3.4549560546875,1,1,False,Fixation
10.607,0.3265705704689026,0.2426598072052002,0.27319836616516113,0.16322483122348785,0.29988446831703186,0.20294231921434402,2.9459075927734375,3.4576416015625,1,1,False,Fixation
10.624,0.31015703082084656,0.24100327491760254,0.27471452951431274,0.15953122079372406,0.29243578016757965,0.2002672478556633,2.9367218017578125,3.434112548828125,1,1,False,Fixation
10.641,0.3129257559776306,0.2503310441970825,0.2657400369644165,0.15103234350681305,0.28933289647102356,0.20068169385194778,2.9347991943359375,3.4084320068359375,1,1,False,Fixation
10.657,0.3165872395038605,0.2519257366657257,0.2629745304584503,0.15592482686042786,0.2897808849811554,0.20392528176307678,2.923614501953125,3.4121246337890625,1,1,False,Fixation
10.674,0.3346797525882721,0.261315256357193,0.2660204768180847,0.16171298921108246,0.3003501147031784,0.21151412278413773,2.919952392578125,3.4096221923828125,1,1,False,Fixation
10.690,0.32988086342811584,0.27525070309638977,0.2633979916572571,0.1728173941373825,0.29663942754268646,0.22403404861688614,2.91876220703125,3.4006195068359375,1,1,False,Fixation
10.707,0.32427188754081726,0.26462501287460327,0.2644866704940796,0.18087035417556763,0.2943792790174484,0.22274768352508545,2.90679931640625,3.3974456787109375,1,1,False,Fixation
10.724,0.32097718119621277,0.2634231150150299,0.2679413855075836,0.17998315393924713,0.2944592833518982,0.22170313447713852,2.9180908203125,3.3953857421875,1,1,False,Fixation
10.740,0.32502755522727966,0.2615545094013214,0.2624792158603668,0.17349497973918915,0.29375338554382324,0.21752474457025528,2.9207000732421875,3.384185791015625,1,1,False,Fixation
10.757,0.31074878573417664,0.2751699686050415,0.2596034109592438,0.18830089271068573,0.2851760983467102,0.23173543065786362,2.918182373046875,3.37384033203125,1,1,False,Fixation
10.774,0.25991520285606384,0.39462339878082275,0.2012626677751541,0.32287195324897766,0.23058893531560898,0.3587476760149002,2.932373046875,3.403350830078125,1,1,False,Fixation
10.790,0.2618334889411926,0.43030187487602234,0.20914824306964874,0.3678484857082367,0.23549086600542068,0.3990751802921295,2.9293060302734375,3.4061126708984375,1,1,False,Fixation
10.807,0.2619507610797882,0.44276532530784607,0.2076457291841507,0.3655954897403717,0.23479824513196945,0.4041804075241089,2.9226531982421875,3.3891143798828125,1,1,False,Fixation
10.824,0.2598605453968048,0.4412452280521393,0.21012939512729645,0.3707408905029297,0.23499497026205063,0.4059930592775345,2.9170989990234375,3.380035400390625,1,1,False,Fixation
10.840,0.25735753774642944,0.43576762080192566,0.2021871656179428,0.36863768100738525,0.22977235168218613,0.40220265090465546,2.9225006103515625,3.387054443359375,1,1,False,Fixation
10.857,0.25824135541915894,0.43729180097579956,0.20563597977161407,0.3709457516670227,0.2319386675953865,0.40411877632141113,2.9346466064453125,3.3979034423828125,1,1,False,Fixation
10.874,0.25984305143356323,0.44627705216407776,0.20863930881023407,0.3686690926551819,0.23424118012189865,0.4074730724096298,2.952850341796875,3.390228271484375,1,1,False,Fixation
10.890,0.3116101324558258,0.4321362376213074,0.2575514614582062,0.36238721013069153,0.284580796957016,0.39726172387599945,2.98095703125,3.4099273681640625,1,1,False,Fixation
10.907,0.398031085729599,0.4325583577156067,0.3526318669319153,0.3433378338813782,0.37533147633075714,0.38794809579849243,3.0193939208984375,3.41339111328125,1,1,False,Fixation
10.924,0.4910053610801697,0.4068707823753357,0.4364152252674103,0.323490709066391,0.46371029317379,0.36518074572086334,3.0151824951171875,3.3918609619140625,1,1,False,Fixation
10.940,0.4959406554698944,0.3887108862400055,0.4334019124507904,0.30324363708496094,0.4646712839603424,0.3459772616624832,3.0062255859375,3.3818359375,1,1,False,Fixation
10.957,0.49825045466423035,0.3876288831233978,0.4377704858779907,0.3054400682449341,0.46801047027111053,0.34653447568416595,2.99993896484375,3.3800048828125,1,1,False,Fixation
10.974,0.4938303828239441,0.3845154941082001,0.44836142659187317,0.3039257228374481,0.47109590470790863,0.3442206084728241,3.00396728515625,3.3701019287109375,1,1,False,Fixation
10.990,0.48858019709587097,0.3748941123485565,0.46794357895851135,0.313448965549469,0.47826188802719116,0.34417153894901276,3.0118865966796875,3.3560943603515625,1,1,False,Fixation
11.007,0.48755764961242676,0.39326736330986023,0.46460163593292236,0.31336015462875366,0.47607964277267456,0.35331375896930695,3.0138397216796875,3.3483123779296875,1,1,False,Fixation
11.024,0.4943356215953827,0.40244007110595703,0.4520519971847534,0.31515392661094666,0.47319380939006805,0.35879699885845184,3.00897216796875,3.3421478271484375,1,1,False,Fixation
11.040,0.49210861325263977,0.385477215051651,0.4510875940322876,0.30624377727508545,0.4715981036424637,0.3458604961633682,2.9732513427734375,3.3311767578125,1,1,False,Fixation
11.057,0.4910220205783844,0.3845568597316742,0.44879207015037537,0.29596367478370667,0.4699070453643799,0.34026026725769043,2.9700927734375,3.32586669921875,1,1,False,Fixation
11.074,0.4913722574710846,0.37649834156036377,0.44863781332969666,0.29051700234413147,0.4700050354003906,0.3335076719522476,2.975799560546875,3.31451416015625,1,1,False,Fixation
11.090,0.4920704662799835,0.37853309512138367,0.4401467442512512,0.3016730844974518,0.46610860526561737,0.3401030898094177,2.958740234375,3.3138427734375,1,1,False,Fixation
11.107,0.4869840741157532,0.3784225583076477,0.43965622782707214,0.30594339966773987,0.46332015097141266,0.3421829789876938,2.9557037353515625,3.30609130859375,1,1,False,Fixation
11.124,0.4787202477455139,0.35633838176727295,0.43767958879470825,0.29750508069992065,0.4581999182701111,0.3269217312335968,2.93756103515625,3.3010101318359375,1,1,False,Fixation
11.140,0.47640687227249146,0.3407977223396301,0.43325042724609375,0.2724677324295044,0.4548286497592926,0.30663272738456726,2.9255218505859375,3.2938995361328125,1,1,False,Fixation
11.157,0.4886269271373749,0.35589244961738586,0.4321059286594391,0.27028366923332214,0.460366427898407,0.313088059425354,2.920135498046875,3.2821502685546875,1,1,False,Fixation
11.174,0.4772823452949524,0.3603064715862274,0.42960724234580994,0.26981982588768005,0.45344479382038116,0.31506314873695374,2.9252777099609375,3.281463623046875,1,1,False,Fixation
11.190,0.4763012230396271,0.35506266355514526,0.4288938045501709,0.27215662598609924,0.452597513794899,0.31360964477062225,2.915924072265625,3.28399658203125,1,1,False,Fixation
11.207,0.47409963607788086,0.340728759765625,0.4284610450267792,0.2750166654586792,0.45128034055233,0.3078727126121521,2.8935394287109375,3.2897491455078125,1,1,False,Fixation
11.223,0.4676045775413513,0.3437081575393677,0.4251915216445923,0.28022751212120056,0.4463980495929718,0.3119678348302841,2.893768310546875,3.2690887451171875,1,1,False,Fixation
11.240,0.4760760962963104,0.35708558559417725,0.43387824296951294,0.28737780451774597,0.4549771696329117,0.3222316950559616,2.88714599609375,3.2608642578125,1,1,False,Fixation
11.256,0.47365495562553406,0.3663336932659149,0.4320499300956726,0.27705690264701843,0.45285244286060333,0.3216952979564667,2.8989410400390625,3.267578125,1,1,False,Fixation
11.273,0.4756908118724823,0.36122581362724304,0.42624300718307495,0.2799382209777832,0.4509669095277786,0.3205820173025131,2.90655517578125,3.2749786376953125,1,1,False,Fixation
11.289,0.4803706705570221,0.3561255931854248,0.42549699544906616,0.279745489358902,0.45293383300304413,0.3179355412721634,2.90423583984375,3.2874603271484375,1,1,False,Fixation
11.306,0.4814583659172058,0.35199791193008423,0.42327171564102173,0.28169938921928406,0.45236504077911377,0.31684865057468414,2.9042510986328125,3.2888336181640625,1,1,False,Fixation
11.323,0.4828242063522339,0.3465172350406647,0.4226745069026947,0.28395968675613403,0.4527493566274643,0.31523846089839935,2.901031494140625,3.2816009521484375,1,1,False,Fixation
11.339,0.48374679684638977,0.35319870710372925,0.4217262268066406,0.2750221788883209,0.4527365118265152,0.3141104429960251,2.9169158935546875,3.2820587158203125,1,1,False,Fixation
11.356,0.48543408513069153,0.3548429310321808,0.42757290601730347,0.27885183691978455,0.4565034955739975,0.31684738397598267,2.9111480712890625,3.279144287109375,1,1,False,Fixation
11.373,0.48593613505363464,0.3520503044128418,0.4319015443325043,0.2764378488063812,0.45891883969306946,0.3142440766096115,2.9011993408203125,3.2815399169921875,1,1,False,Fixation
11.389,0.4883404076099396,0.3598048985004425,0.4311729371547699,0.26689285039901733,0.45975667238235474,0.3133488744497299,2.902496337890625,3.2860107421875,1,1,False,Fixation
11.406,0.4882032573223114,0.3477972149848938,0.4317949414253235,0.27850303053855896,0.45999909937381744,0.3131501227617264,2.8989105224609375,3.279876708984375,1,1,False,Fixation
11.423,0.4872545003890991,0.34276553988456726,0.4387650191783905,0.2724591791629791,0.4630097597837448,0.3076123595237732,2.8940277099609375,3.2779541015625,1,1,False,Fixation
11.439,0.48629477620124817,0.35896074771881104,0.4423266649246216,0.27860093116760254,0.4643107205629349,0.3187808394432068,2.89605712890625,3.274505615234375,1,1,False,Fixation
11.456,0.4902783930301666,0.3558453917503357,0.4404415190219879,0.269438773393631,0.46535995602607727,0.31264208257198334,2.8804779052734375,3.2629852294921875,1,1,False,Fixation
11.473,0.49265357851982117,0.35526415705680847,0.44733119010925293,0.2830689251422882,0.46999238431453705,0.31916654109954834,2.884002685546875,3.2599639892578125,1,1,False,Fixation
11.489,0.4867318868637085,0.3562113046646118,0.44204720854759216,0.28758901357650757,0.46438954770565033,0.3219001591205597,2.9050750732421875,3.268035888671875,1,1,False,Fixation
11.506,0.48430055379867554,0.3599903881549835,0.4405377507209778,0.2811531126499176,0.46241915225982666,0.32057175040245056,2.909423828125,3.262420654296875,1,1,False,Fixation
11.523,0.4836541712284088,0.35534313321113586,0.44807785749435425,0.28997427225112915,0.46586601436138153,0.3226587027311325,2.916717529296875,3.2508087158203125,1,1,False,Fixation
11.539,0.495055615901947,0.36109450459480286,0.4547030031681061,0.2904220521450043,0.47487930953502655,0.32575827836990356,2.90399169921875,3.25421142578125,1,1,False,Fixation
11.556,0.48964405059814453,0.34849119186401367,0.45816919207572937,0.3087826669216156,0.47390662133693695,0.32863692939281464,2.9039764404296875,3.25714111328125,1,1,False,Fixation
11.573,0.48720237612724304,0.35340625047683716,0.44460296630859375,0.30809450149536133,0.4659026712179184,0.33075037598609924,2.9065093994140625,3.254364013671875,1,1,False,Fixation
11.589,0.49118050932884216,0.3631846308708191,0.4381694793701172,0.29392191767692566,0.4646749943494797,0.3285532742738724,2.916229248046875,3.2640533447265625,1,1,False,Fixation
11.606,0.4824366867542267,0.35197171568870544,0.43669620156288147,0.3003499507904053,0.4595664441585541,0.32616083323955536,2.9222869873046875,3.2597198486328125,1,1,False,Fixation
11.623,0.4088819921016693,0.36136165261268616,0.3568294644355774,0.3105403184890747,0.38285572826862335,0.33595098555088043,2.9460601806640625,3.2665863037109375,1,1,False,Fixation
11.639,0.23738311231136322,0.39231616258621216,0.19929295778274536,0.311105877161026,0.2183380350470543,0.3517110198736191,2.91412353515625,3.2846221923828125,1,1,False,Fixation
11.656,0.18076685070991516,0.40883126854896545,0.1128287985920906,0.31226345896720886,0.14679782465100288,0.36054736375808716,2.9183349609375,3.28253173828125,1,1,False,Fixation
11.673,0.14269161224365234,0.4167731702327728,0.05760018527507782,0.3109411895275116,0.10014589875936508,0.3638571798801422,2.93756103515625,3.301055908203125,1,1,False,Fixation
11.689,0.13671380281448364,0.4081708788871765,0.06525667756795883,0.31692370772361755,0.10098524019122124,0.36254729330539703,2.9402618408203125,3.302764892578125,1,1,False,Fixation
11.706,0.13662993907928467,0.4049517810344696,0.06096598878502846,0.3188246786594391,0.09879796393215656,0.36188822984695435,2.919891357421875,3.3108367919921875,1,1,False,Fixation
11.722,0.13467852771282196,0.40510812401771545,0.06852978467941284,0.3150466978549957,0.1016041561961174,0.3600774109363556,2.9394683837890625,3.3114166259765625,1,1,False,Fixation
11.739,0.13262955844402313,0.4108320474624634,0.06963328272104263,0.31246984004974365,0.10113142058253288,0.3616509437561035,2.9517822265625,3.3174896240234375,1,1,False,Fixation
11.756,0.13547442853450775,0.4111153781414032,0.06252361088991165,0.30890941619873047,0.0989990197122097,0.36001239717006683,2.9412994384765625,3.32940673828125,1,1,False,Fixation
11.772,0.13290202617645264,0.4125244915485382,0.06536411494016647,0.3093159794807434,0.09913307055830956,0.3609202355146408,2.9505767822265625,3.3301544189453125,1,1,False,Fixation
11.789,0.13909241557121277,0.41519489884376526,0.0657184049487114,0.31191110610961914,0.10240541025996208,0.3635530024766922,2.9674224853515625,3.3392486572265625,1,1,False,Fixation
11.806,0.14093852043151855,0.4131908416748047,0.06555748730897903,0.3025246858596802,0.1032480038702488,0.35785776376724243,2.96484375,3.313446044921875,1,1,False,Fixation
11.822,0.13922849297523499,0.4139884114265442,0.06524816155433655,0.307990700006485,0.10223832726478577,0.3609895557165146,2.9638671875,3.3329010009765625,1,1,False,Fixation
11.839,0.14223340153694153,0.41383591294288635,0.06141697242856026,0.31321629881858826,0.10182518698275089,0.3635261058807373,2.9626007080078125,3.3452606201171875,1,1,False,Fixation
11.855,0.1344478279352188,0.41002389788627625,0.061179421842098236,0.30413857102394104,0.09781362488865852,0.35708123445510864,2.9652099609375,3.345123291015625,1,1,False,Fixation
11.872,0.13218022882938385,0.41284775733947754,0.06313644349575043,0.3135286867618561,0.09765833616256714,0.3631882220506668,2.9728851318359375,3.3441619873046875,1,1,False,Fixation
11.889,0.17231422662734985,0.5051034688949585,0.08787823468446732,0.4063800871372223,0.13009623065590858,0.4557417780160904,2.9851837158203125,3.3486785888671875,1,1,False,Fixation
11.905,0.18186065554618835,0.5486077666282654,0.10573367774486542,0.4413280487060547,0.14379716664552689,0.49496790766716003,3.0181732177734375,3.3449249267578125,1,1,False,Fixation
11.922,0.16383391618728638,0.5382000803947449,0.11252965033054352,0.4575333297252655,0.13818178325891495,0.4978667050600052,3.0287933349609375,3.3389739990234375,1,1,False,Fixation
11.938,0.16618914902210236,0.5375539064407349,0.11383786052465439,0.46311262249946594,0.14001350477337837,0.5003332644701004,3.0077056884765625,3.34210205078125,1,1,False,Fixation
11.955,0.1718895137310028,0.5359359383583069,0.11239612847566605,0.4633537232875824,0.14214282110333443,0.49964483082294464,3.0001373291015625,3.3566131591796875,1,1,False,Fixation
11.972,0.17182256281375885,0.5369206666946411,0.11396536231040955,0.4650634229183197,0.1428939625620842,0.5009920448064804,3.00030517578125,3.356109619140625,1,1,False,Fixation
11.988,0.180832177400589,0.5476519465446472,0.1146634966135025,0.45886486768722534,0.14774783700704575,0.5032584071159363,3.0163116455078125,3.356964111328125,1,1,False,Fixation
12.005,0.1734214723110199,0.5441772937774658,0.10743746161460876,0.4675220847129822,0.14042946696281433,0.505849689245224,3.0171356201171875,3.3453521728515625,1,1,False,Fixation
12.022,0.17531342804431915,0.5526953339576721,0.11147637665271759,0.46678584814071655,0.14339490234851837,0.5097405910491943,3.0196380615234375,3.36004638671875,1,1,False,Fixation
12.038,0.1743665337562561,0.5506314635276794,0.11412864178419113,0.4667929708957672,0.14424758777022362,0.5087122172117233,3.032745361328125,3.381622314453125,1,1,False,Fixation
12.055,0.1628992259502411,0.5697836875915527,0.10723286867141724,0.48380008339881897,0.13506604731082916,0.5267918854951859,3.0436859130859375,3.391693115234375,1,1,False,Fixation
12.072,0.12989194691181183,0.7603134512901306,0.01523772906512022,0.7123777866363525,0.07256483798846602,0.7363456189632416,3.076873779296875,3.4272918701171875,1,1,False,Fixation
12.088,0.08933111280202866,1.031465768814087,-0.030131079256534576,0.9468093514442444,0.02960001677274704,0.9891375601291656,3.0778045654296875,3.418731689453125,1,1,False,Fixation
12.105,0.08712635934352875,1.055930495262146,-0.03076142631471157,0.9845125079154968,0.02818246651440859,1.0202215015888214,3.08770751953125,3.4169464111328125,1,1,False,Fixation
12.122,0.08218706399202347,1.0680557489395142,-0.03024442307651043,0.9968869090080261,0.02597132045775652,1.0324713289737701,3.0798492431640625,3.398895263671875,1,1,False,Fixation
12.138,0.07954518496990204,1.064676284790039,-0.025513943284749985,0.9927331209182739,0.027015620842576027,1.0287047028541565,3.0740966796875,3.402923583984375,1,1,False,Fixation
12.155,0.07673908770084381,1.0628836154937744,-0.022405916824936867,0.9868517518043518,0.027166585437953472,1.024867683649063,3.0821533203125,3.4068145751953125,1,1,False,Fixation
12.171,0.08197898417711258,1.0583455562591553,-0.025826210156083107,0.9872257709503174,0.028076387010514736,1.0227856636047363,3.097412109375,3.41943359375,1,1,False,Fixation
12.188,0.07706582546234131,1.0640369653701782,-0.02817290648818016,0.9879835844039917,0.024446459487080574,1.026010274887085,3.1014556884765625,3.428436279296875,1,1,False,Fixation
12.205,0.07540144771337509,1.0584458112716675,-0.025912391021847725,0.9885432124137878,0.024744528345763683,1.0234945118427277,3.108001708984375,3.429595947265625,1,1,False,Fixation
12.221,0.07314468175172806,1.060083031654358,-0.02590550296008587,0.9970918893814087,0.023619589395821095,1.0285874605178833,3.122406005859375,3.4293212890625,1,1,False,Fixation
12.238,0.06856027990579605,1.0606642961502075,-0.022844551131129265,0.9999382495880127,0.022857864387333393,1.03030127286911,3.1244659423828125,3.4346160888671875,1,1,False,Fixation
12.255,0.07386696338653564,1.0548566579818726,-0.019078394398093224,0.9970002770423889,0.02739428449422121,1.0259284675121307,3.13238525390625,3.44549560546875,1,1,False,Fixation
12.271,0.07714282721281052,1.0630686283111572,-0.019547389820218086,1.0021867752075195,0.028797718696296215,1.0326277017593384,3.1339111328125,3.4555511474609375,1,1,False,Fixation
12.288,0.07464487850666046,1.0613245964050293,-0.023670723661780357,1.0025752782821655,0.025487077422440052,1.0319499373435974,3.13079833984375,3.451141357421875,1,1,False,Fixation
12.305,0.07380271703004837,1.0577012300491333,-0.0277741476893425,1.004886507987976,0.023014284670352936,1.0312938690185547,3.132110595703125,3.444366455078125,1,1,False,Fixation
12.321,0.07028339058160782,1.0707403421401978,-0.016312092542648315,0.9989779591560364,0.02698564901947975,1.034859150648117,3.1364898681640625,3.4629058837890625,1,1,False,Fixation
12.338,0.07061837613582611,1.069112777709961,-0.018557233735919,1.0022040605545044,0.026030571199953556,1.0356584191322327,3.1594085693359375,3.4655609130859375,1,1,False,Fixation
12.355,0.0737929418683052,1.0739518404006958,-0.020337766036391258,0.9996733665466309,0.026727587915956974,1.0368126034736633,3.1627197265625,3.4744873046875,1,1,False,Fixation
12.371,0.07340959459543228,1.07594633102417,-0.02021692879498005,0.9945606589317322,0.026596332900226116,1.035253494977951,3.174346923828125,3.4798736572265625,1,1,False,Fixation
12.388,0.07517210394144058,1.0789085626602173,-0.019119124859571457,0.9993374347686768,0.028026489540934563,1.039122998714447,3.18109130859375,3.4947967529296875,1,1,False,Fixation
12.405,0.07174931466579437,1.0715049505233765,-0.017201952636241913,0.9928414225578308,0.02727368101477623,1.0321731865406036,3.182525634765625,3.5022735595703125,1,1,False,Fixation
12.421,0.07427626848220825,1.070744514465332,-0.01433776319026947,1.0063778162002563,0.02996925264596939,1.0385611653327942,3.18231201171875,3.522674560546875,1,1,False,Fixation
12.438,0.07372120022773743,1.0750269889831543,-0.009457161650061607,1.007436752319336,0.03213201928883791,1.0412318706512451,3.1942596435546875,3.522796630859375,1,1,False,Fixation
12.455,0.07733087241649628,1.0770235061645508,-0.01638326235115528,1.0136855840682983,0.030473805032670498,1.0453545451164246,3.191192626953125,3.524749755859375,1,1,False,Fixation
12.471,0.07942137867212296,1.0785255432128906,-0.02086685039103031,1.00581955909729,0.029277264140546322,1.0421725511550903,3.20025634765625,3.5344696044921875,1,1,False,Fixation
12.488,nan,nan,nan,nan,nan,nan,nan,nan,0,0,False,Saccade
12.505,nan,nan,nan,nan,nan,nan,nan,nan,0,0,False,Saccade
12.521,0.5082308650016785,0.32620546221733093,0.4873904883861542,0.23577234148979187,0.4978106766939163,0.2809889018535614,3.3175048828125,3.7608184814453125,1,1,False,Saccade
12.538,nan,nan,0.4998852014541626,0.2353077381849289,nan,nan,nan,3.6403961181640625,0,1,False,Saccade
12.554,nan,nan,nan,nan,nan,nan,nan,nan,0,0,False,Saccade
12.571,nan,nan,nan,nan,nan,nan,nan,nan,0,0,False,Saccade
12.587,nan,nan,nan,nan,nan,nan,nan,nan,0,0,False,Saccade
12.604,nan,nan,nan,nan,nan,nan,nan,nan,0,0,False,Saccade
12.621,nan,nan,nan,nan,nan,nan,nan,nan,0,0,False,Saccade
12.637,nan,nan,nan,nan,nan,nan,nan,nan,0,0,False,Saccade
12.654,nan,nan,nan,nan,nan,nan,nan,nan,0,0,False,Saccade
12.671,nan,nan,nan,nan,nan,nan,nan,nan,0,0,False,Saccade
12.687,nan,nan,nan,nan,nan,nan,nan,nan,0,0,False,Saccade
12.704,nan,nan,nan,nan,nan,nan,nan,nan,0,0,False,Saccade
12.721,nan,nan,nan,nan,nan,nan,nan,nan,0,0,False,Saccade
12.737,nan,nan,nan,nan,nan,nan,nan,nan,0,0,False,Saccade
12.754,nan,nan,nan,nan,nan,nan,nan,nan,0,0,False,Saccade
12.771,nan,nan,nan,nan,nan,nan,nan,nan,0,0,False,Saccade
12.787,nan,nan,nan,nan,nan,nan,nan,nan,0,0,False,Saccade
12.804,nan,nan,nan,nan,nan,nan,nan,nan,0,0,False,Saccade
12.821,nan,nan,nan,nan,nan,nan,nan,nan,0,0,False,Saccade
12.837,nan,nan,nan,nan,nan,nan,nan,nan,0,0,False,Saccade
12.854,nan,nan,nan,nan,nan,nan,nan,nan,0,0,False,Saccade
12.871,nan,nan,nan,nan,nan,nan,nan,nan,0,0,False,Saccade
12.887,nan,nan,nan,nan,nan,nan,nan,nan,0,0,False,Saccade
12.904,nan,nan,nan,nan,nan,nan,nan,nan,0,0,False,Saccade
12.921,nan,nan,nan,nan,nan,nan,nan,nan,0,0,False,Saccade
12.937,nan,nan,nan,nan,nan,nan,nan,nan,0,0,False,Saccade
12.954,nan,nan,nan,nan,nan,nan,nan,nan,0,0,False,Saccade
12.971,nan,nan,nan,nan,nan,nan,nan,nan,0,0,False,Saccade
12.987,nan,nan,nan,nan,nan,nan,nan,nan,0,0,False,Saccade
13.004,nan,nan,nan,nan,nan,nan,nan,nan,0,0,False,Saccade
13.021,nan,nan,nan,nan,nan,nan,nan,nan,0,0,False,Saccade
13.037,nan,nan,nan,nan,nan,nan,nan,nan,0,0,False,Saccade
13.054,0.5929274559020996,-0.16101564466953278,nan,nan,nan,nan,3.8292236328125,nan,1,0,False,Saccade
13.071,nan,nan,nan,nan,nan,nan,nan,nan,0,0,False,Saccade
13.087,0.5496153235435486,0.16621427237987518,0.5038240551948547,-0.17927052080631256,0.5267196893692017,-0.006528124213218689,3.5361175537109375,4.0015716552734375,1,1,False,Saccade
13.104,0.5594192743301392,0.1037607416510582,nan,nan,nan,nan,3.5889739990234375,nan,1,0,False,Saccade
13.121,nan,nan,0.4751591086387634,0.04287112504243851,nan,nan,nan,4.03692626953125,0,1,False,Saccade
13.137,0.5638439059257507,0.18536365032196045,0.4938059151172638,0.09659568220376968,0.5288249105215073,0.14097966626286507,3.4755859375,3.9556121826171875,1,1,False,Saccade
13.154,nan,nan,nan,nan,nan,nan,nan,nan,0,0,False,Saccade
13.171,nan,nan,0.49496695399284363,0.16486984491348267,nan,nan,nan,3.810150146484375,0,1,False,Saccade
13.187,0.5510475635528564,0.2072880119085312,0.5093358755111694,0.18974484503269196,0.5301917195320129,0.19851642847061157,3.376556396484375,3.774688720703125,1,1,False,Saccade
13.204,0.5524923205375671,0.25308939814567566,nan,nan,nan,nan,3.3636932373046875,nan,1,0,False,Saccade
13.221,nan,nan,0.49794766306877136,0.17082299292087555,nan,nan,nan,3.71685791015625,0,1,False,Saccade
13.237,0.5699685215950012,0.5226731300354004,0.5580255389213562,0.3576163947582245,0.5639970302581787,0.44014476239681244,2.9788360595703125,3.2314910888671875,1,1,True,Saccade
13.254,nan,nan,nan,nan,nan,nan,nan,nan,0,0,False,Saccade
13.271,nan,nan,nan,nan,nan,nan,nan,nan,0,0,False,Saccade
13.287,nan,nan,nan,nan,nan,nan,nan,nan,0,0,False,Saccade
13.304,nan,nan,nan,nan,nan,nan,nan,nan,0,0,False,Saccade
13.320,nan,nan,nan,nan,nan,nan,nan,nan,0,0,False,Saccade
13.337,0.5737638473510742,0.4402224123477936,0.3493403494358063,0.38866177201271057,0.46155209839344025,0.4144420921802521,2.9045257568359375,2.81201171875,1,1,True,Saccade
13.354,0.5654888153076172,0.3917233645915985,nan,nan,nan,nan,3.0276336669921875,nan,1,0,False,Saccade
13.370,nan,nan,nan,nan,nan,nan,nan,nan,0,0,False,Saccade
13.386,0.5124669671058655,0.29083240032196045,0.5244056582450867,0.1531684398651123,0.5184363126754761,0.22200042009353638,3.314453125,3.5267486572265625,1,1,False,Saccade
13.404,0.530538022518158,0.2825315594673157,0.5110043883323669,0.15391090512275696,0.5207712054252625,0.21822123229503632,3.2327728271484375,3.5946197509765625,1,1,False,Fixation
13.420,nan,nan,0.5234166383743286,0.1680401712656021,nan,nan,nan,3.5605621337890625,0,1,False,Saccade
13.436,nan,nan,0.4988389015197754,0.1711527556180954,nan,nan,nan,3.551116943359375,0,1,False,Saccade
13.454,0.4459948241710663,0.08130735158920288,0.5030791163444519,0.18608053028583527,0.4745369702577591,0.13369394093751907,3.778106689453125,3.568267822265625,1,1,False,Saccade
13.470,nan,nan,0.5043964385986328,0.11901935189962387,nan,nan,nan,3.7263031005859375,0,1,False,Saccade
13.486,0.5302516222000122,0.2892931401729584,0.4849291443824768,0.10326053947210312,0.5075903832912445,0.19627683982253075,3.17657470703125,3.5631103515625,1,1,False,Saccade
13.504,0.5272339582443237,0.28423425555229187,nan,nan,nan,nan,3.1742095947265625,nan,1,0,False,Saccade
13.520,nan,nan,0.5049669146537781,0.15050527453422546,nan,nan,nan,3.5328826904296875,0,1,False,Saccade
13.536,0.5375402569770813,0.30074355006217957,0.5102685689926147,0.1644967943429947,0.523904412984848,0.23262017220258713,3.1550140380859375,3.5418548583984375,1,1,False,Saccade
13.553,0.5377417206764221,0.3048713505268097,nan,nan,nan,nan,3.1511993408203125,nan,1,0,False,Saccade
13.570,nan,nan,0.5087572336196899,0.2628743052482605,nan,nan,nan,3.725067138671875,0,1,False,Saccade
13.586,0.5354799628257751,0.3148481845855713,0.5033040642738342,0.27522599697113037,0.5193920135498047,0.29503709077835083,3.116485595703125,3.5296630859375,1,1,False,Saccade
13.603,0.5220065116882324,0.3101896047592163,nan,nan,nan,nan,3.215301513671875,nan,1,0,False,Saccade
13.620,nan,nan,0.5245288610458374,0.25800642371177673,nan,nan,nan,3.6805267333984375,0,1,False,Saccade
13.636,0.52817702293396,0.288740336894989,0.511467695236206,0.2693328857421875,0.519822359085083,0.27903661131858826,3.1700286865234375,3.5489044189453125,1,1,False,Saccade
13.653,nan,nan,nan,nan,nan,nan,nan,nan,0,0,False,Saccade
13.670,nan,nan,0.4474417567253113,0.270080029964447,nan,nan,nan,3.598419189453125,0,1,False,Saccade
13.686,0.5012335181236267,0.3228495419025421,0.4478103220462799,0.2755935788154602,0.4745219200849533,0.29922156035900116,3.2007904052734375,3.6087799072265625,1,1,False,Saccade
13.703,0.4937669038772583,0.26115554571151733,nan,nan,nan,nan,3.2703704833984375,nan,1,0,False,Saccade
13.720,0.482082724571228,0.14183349907398224,nan,nan,nan,nan,3.3209686279296875,nan,1,0,False,Saccade
13.736,0.4942207932472229,0.2599951922893524,0.44967105984687805,0.26901498436927795,0.4719459265470505,0.2645050883293152,3.300079345703125,3.6130218505859375,1,1,False,Saccade
13.753,nan,nan,nan,nan,nan,nan,nan,nan,0,0,False,Saccade
13.770,0.5063315033912659,0.3199630677700043,0.4502829611301422,0.22228311002254486,0.47830723226070404,0.27112308889627457,3.32196044921875,3.701873779296875,1,1,False,Saccade
13.786,0.4958254098892212,0.27363845705986023,0.4494883120059967,0.2577974200248718,0.47265686094760895,0.26571793854236603,3.395660400390625,3.7084503173828125,1,1,False,Fixation
13.803,0.49010270833969116,0.2713133692741394,nan,nan,nan,nan,3.377532958984375,nan,1,0,False,Saccade
13.820,0.49797970056533813,0.3158234655857086,0.4498140811920166,0.275931179523468,0.47389689087867737,0.2958773225545883,3.3745880126953125,3.7311248779296875,1,1,False,Saccade
13.836,0.49709707498550415,0.30996713042259216,0.45229169726371765,0.2764720022678375,0.4746943861246109,0.29321956634521484,3.351104736328125,3.7306060791015625,1,1,False,Fixation
13.853,0.4846583604812622,0.31325095891952515,nan,nan,nan,nan,3.3969573974609375,nan,1,0,False,Saccade
13.870,0.47746583819389343,0.14999684691429138,0.46112143993377686,0.2444392889738083,0.46929363906383514,0.19721806794404984,3.4460906982421875,3.741729736328125,1,1,False,Saccade
13.886,0.48837700486183167,0.1268109381198883,0.4560326933860779,0.22570136189460754,0.4722048491239548,0.17625615000724792,3.400787353515625,3.7773284912109375,1,1,False,Fixation
13.903,0.48846635222435,0.11338870227336884,nan,nan,nan,nan,3.36151123046875,nan,1,0,False,Saccade
13.920,0.47875916957855225,0.13182269036769867,0.4555900990962982,0.25933557748794556,0.46717463433742523,0.1955791339278221,3.4019927978515625,3.7615203857421875,1,1,False,Saccade
13.936,0.4822286069393158,0.10142987966537476,0.4594517946243286,0.24192523956298828,0.4708402007818222,0.17167755961418152,3.3804168701171875,3.766693115234375,1,1,False,Fixation
13.953,0.4859229624271393,0.13748154044151306,nan,nan,nan,nan,3.3978271484375,nan,1,0,False,Saccade
13.969,0.4997367858886719,0.2997960150241852,0.4606364667415619,0.2684463858604431,0.4801866263151169,0.28412120044231415,3.366363525390625,3.7618255615234375,1,1,False,Saccade
13.986,0.5009521842002869,0.3036971986293793,0.4543522000312805,0.2631800174713135,0.4776521921157837,0.2834386080503464,3.38165283203125,3.7664794921875,1,1,False,Fixation
14.003,0.5012643337249756,0.29979923367500305,nan,nan,nan,nan,3.385711669921875,nan,1,0,False,Saccade
14.019,nan,nan,0.45555973052978516,0.25393423438072205,nan,nan,nan,3.7747650146484375,0,1,False,Saccade
14.035,0.5029360055923462,0.3062317371368408,0.4572676122188568,0.2539260685443878,0.4801018089056015,0.2800789028406143,3.3945159912109375,3.799560546875,1,1,False,Saccade
14.053,0.5016038417816162,0.2689323127269745,nan,nan,nan,nan,3.39892578125,nan,1,0,False,Saccade
14.069,0.5005422830581665,0.2564747631549835,0.4596385359764099,0.25836068391799927,0.4800904095172882,0.2574177235364914,3.401763916015625,3.7786865234375,1,1,False,Saccade
14.085,0.5257472991943359,0.1666531264781952,0.5005046129226685,0.2558562159538269,0.5131259560585022,0.21125467121601105,3.3731842041015625,3.7800140380859375,1,1,False,Fixation
14.103,nan,nan,0.5070763230323792,0.2670435607433319,nan,nan,nan,3.7924346923828125,0,1,False,Saccade
14.119,nan,nan,nan,nan,nan,nan,nan,nan,0,0,False,Saccade
14.135,0.5593876242637634,0.3128557801246643,0.5122134685516357,0.28336966037750244,0.5358005464076996,0.2981127202510834,3.2888946533203125,3.7757110595703125,1,1,False,Saccade
14.153,nan,nan,nan,nan,nan,nan,nan,nan,0,0,False,Saccade
14.169,nan,nan,0.5170444846153259,0.2511460483074188,nan,nan,nan,3.809600830078125,0,1,False,Saccade
14.185,nan,nan,0.5201252102851868,0.28010520339012146,nan,nan,nan,3.8099517822265625,0,1,False,Saccade
14.202,nan,nan,0.5165484547615051,0.2866310775279999,nan,nan,nan,3.7728271484375,0,1,False,Saccade
14.219,0.5612185001373291,0.30937325954437256,0.513359546661377,0.27173513174057007,0.537289023399353,0.2905541956424713,3.3207855224609375,3.8135528564453125,1,1,False,Saccade
14.235,0.5574383735656738,0.3012559413909912,0.5178893208503723,0.2822175920009613,0.5376638472080231,0.29173676669597626,3.333038330078125,3.786773681640625,1,1,False,Fixation
14.252,nan,nan,nan,nan,nan,nan,nan,nan,0,0,False,Saccade
14.269,0.5273818373680115,0.11121538281440735,0.5170517563819885,0.22714778780937195,0.522216796875,0.16918158531188965,3.4708099365234375,3.8771209716796875,1,1,False,Saccade
14.285,0.5410724878311157,0.24995489418506622,0.5077540874481201,0.281683087348938,0.5244132876396179,0.2658189907670021,3.3534698486328125,3.777252197265625,1,1,False,Fixation
14.302,0.5485803484916687,0.2891681492328644,0.5128769874572754,0.286626398563385,0.530728667974472,0.2878972738981247,3.3575439453125,3.785003662109375,1,1,False,Fixation
14.319,0.5418291687965393,0.2713802754878998,0.512769341468811,0.26374638080596924,0.5272992551326752,0.2675633281469345,3.3408203125,3.7809600830078125,1,1,False,Fixation
14.335,0.5413216352462769,0.26996177434921265,0.5084507465362549,0.25976675748825073,0.5248861908912659,0.2648642659187317,3.3462371826171875,3.77435302734375,1,1,False,Fixation
14.352,0.5443204045295715,0.27181535959243774,0.5082862973213196,0.2679377496242523,0.5263033509254456,0.26987655460834503,3.3341064453125,3.7841339111328125,1,1,False,Fixation
14.369,nan,nan,0.5038621425628662,0.2637379765510559,nan,nan,nan,3.7849578857421875,0,1,False,Saccade
14.385,0.5408937335014343,0.31166353821754456,0.4997286796569824,0.27578434348106384,0.5203112065792084,0.2937239408493042,3.3545989990234375,3.7816009521484375,1,1,False,Saccade
14.402,0.5357306003570557,0.30573418736457825,nan,nan,nan,nan,3.348236083984375,nan,1,0,False,Saccade
14.419,nan,nan,0.49940258264541626,0.20351488888263702,nan,nan,nan,3.98736572265625,0,1,False,Saccade
14.435,nan,nan,nan,nan,nan,nan,nan,nan,0,0,False,Saccade
14.452,nan,nan,nan,nan,nan,nan,nan,nan,0,0,False,Saccade
14.469,nan,nan,nan,nan,nan,nan,nan,nan,0,0,False,Saccade
14.485,nan,nan,nan,nan,nan,nan,nan,nan,0,0,False,Saccade
14.502,nan,nan,nan,nan,nan,nan,nan,nan,0,0,False,Saccade
14.518,nan,nan,nan,nan,nan,nan,nan,nan,0,0,False,Saccade
14.535,nan,nan,nan,nan,nan,nan,nan,nan,0,0,False,Saccade
14.552,nan,nan,nan,nan,nan,nan,nan,nan,0,0,False,Saccade
14.568,nan,nan,nan,nan,nan,nan,nan,nan,0,0,False,Saccade
14.585,nan,nan,nan,nan,nan,nan,nan,nan,0,0,False,Saccade
14.602,nan,nan,nan,nan,nan,nan,nan,nan,0,0,False,Saccade
14.618,nan,nan,nan,nan,nan,nan,nan,nan,0,0,False,Saccade
14.634,nan,nan,nan,nan,nan,nan,nan,nan,0,0,False,Saccade
14.652,nan,nan,nan,nan,nan,nan,nan,nan,0,0,False,Saccade
14.668,nan,nan,nan,nan,nan,nan,nan,nan,0,0,False,Saccade
14.691,nan,nan,nan,nan,nan,nan,nan,nan,0,0,False,Saccade
14.708,nan,nan,nan,nan,nan,nan,nan,nan,0,0,False,Saccade
14.724,nan,nan,nan,nan,nan,nan,nan,nan,0,0,False,Saccade
14.741,nan,nan,nan,nan,nan,nan,nan,nan,0,0,False,Saccade
14.758,nan,nan,nan,nan,nan,nan,nan,nan,0,0,False,Saccade
14.774,nan,nan,nan,nan,nan,nan,nan,nan,0,0,False,Saccade
14.791,nan,nan,nan,nan,nan,nan,nan,nan,0,0,False,Saccade
14.808,nan,nan,nan,nan,nan,nan,nan,nan,0,0,False,Saccade
14.824,nan,nan,nan,nan,nan,nan,nan,nan,0,0,False,Saccade
14.841,nan,nan,nan,nan,nan,nan,nan,nan,0,0,False,Saccade
14.857,nan,nan,nan,nan,nan,nan,nan,nan,0,0,False,Saccade
14.874,nan,nan,nan,nan,nan,nan,nan,nan,0,0,False,Saccade
14.891,nan,nan,nan,nan,nan,nan,nan,nan,0,0,False,Saccade
14.907,nan,nan,nan,nan,nan,nan,nan,nan,0,0,False,Saccade
14.924,nan,nan,nan,nan,nan,nan,nan,nan,0,0,False,Saccade
14.941,nan,nan,nan,nan,nan,nan,nan,nan,0,0,False,Saccade
14.957,nan,nan,nan,nan,nan,nan,nan,nan,0,0,False,Saccade
14.997,nan,nan,nan,nan,nan,nan,nan,nan,0,0,False,Saccade
15.028,nan,nan,nan,nan,nan,nan,nan,nan,0,0,False,Saccade
15.045,nan,nan,nan,nan,nan,nan,nan,nan,0,0,False,Saccade
15.085,nan,nan,nan,nan,nan,nan,nan,nan,0,0,False,Saccade
15.102,nan,nan,nan,nan,nan,nan,nan,nan,0,0,False,Saccade
15.118,nan,nan,nan,nan,nan,nan,nan,nan,0,0,False,Saccade
15.135,nan,nan,nan,nan,nan,nan,nan,nan,0,0,False,Saccade
15.152,nan,nan,nan,nan,nan,nan,nan,nan,0,0,False,Saccade
15.168,nan,nan,nan,nan,nan,nan,nan,nan,0,0,False,Saccade
15.185,nan,nan,nan,nan,nan,nan,nan,nan,0,0,False,Saccade
15.202,nan,nan,nan,nan,nan,nan,nan,nan,0,0,False,Saccade
15.218,nan,nan,nan,nan,nan,nan,nan,nan,0,0,False,Saccade
15.235,nan,nan,nan,nan,nan,nan,nan,nan,0,0,False,Saccade
15.252,nan,nan,nan,nan,nan,nan,nan,nan,0,0,False,Saccade
15.268,nan,nan,nan,nan,nan,nan,nan,nan,0,0,False,Saccade
15.285,nan,nan,nan,nan,nan,nan,nan,nan,0,0,False,Saccade
15.302,nan,nan,nan,nan,nan,nan,nan,nan,0,0,False,Saccade
15.318,nan,nan,nan,nan,nan,nan,nan,nan,0,0,False,Saccade
15.335,nan,nan,nan,nan,nan,nan,nan,nan,0,0,False,Saccade
15.351,nan,nan,nan,nan,nan,nan,nan,nan,0,0,False,Saccade
15.368,0.4503297507762909,-0.1587153971195221,nan,nan,nan,nan,4.4078521728515625,nan,1,0,False,Saccade
15.385,0.4715794026851654,0.2674495577812195,0.4776308834552765,0.2795190215110779,0.47460514307022095,0.2734842896461487,3.5723419189453125,3.75994873046875,1,1,False,Saccade
15.401,0.5091152787208557,0.3297698199748993,nan,nan,nan,nan,3.425811767578125,nan,1,0,False,Saccade
15.418,nan,nan,nan,nan,nan,nan,nan,nan,0,0,False,Saccade
15.435,nan,nan,0.4748575985431671,0.25786292552948,nan,nan,nan,3.8333587646484375,0,1,False,Saccade
15.451,0.5080838799476624,0.3482532799243927,nan,nan,nan,nan,3.69879150390625,nan,1,0,False,Saccade
15.468,0.5081984996795654,0.30273109674453735,0.47562408447265625,0.23603691160678864,0.49191129207611084,0.269384004175663,3.505767822265625,3.906524658203125,1,1,False,Saccade
15.484,0.5051047801971436,0.2860374450683594,0.4774603247642517,0.22446222603321075,0.49128255248069763,0.25524983555078506,3.4915008544921875,3.919952392578125,1,1,False,Fixation
15.501,0.5081769227981567,0.2848697006702423,nan,nan,nan,nan,3.478759765625,nan,1,0,False,Saccade
15.518,0.5130521655082703,0.29465752840042114,0.4737408459186554,0.236077681183815,0.49339650571346283,0.2653676047921181,3.4839324951171875,3.92401123046875,1,1,False,Saccade
15.534,0.516145646572113,0.278454065322876,0.4762316048145294,0.24469861388206482,0.49618862569332123,0.2615763396024704,3.47576904296875,3.9104461669921875,1,1,False,Fixation
15.551,0.5187594294548035,0.29493680596351624,nan,nan,nan,nan,3.517791748046875,nan,1,0,False,Saccade
15.568,0.5183814764022827,0.3162496089935303,0.48314276337623596,0.2532252371311188,0.5007621198892593,0.2847374230623245,3.503570556640625,3.9218902587890625,1,1,False,Saccade
15.584,0.5177788138389587,0.3192431926727295,0.48611748218536377,0.2534623444080353,0.5019481480121613,0.2863527685403824,3.5030364990234375,3.9258880615234375,1,1,False,Fixation
15.601,0.517509937286377,0.3196379244327545,0.49628907442092896,0.24070389568805695,0.506899505853653,0.28017091006040573,3.495330810546875,3.937835693359375,1,1,False,Fixation
15.618,0.5153549313545227,0.3071087598800659,0.4911712110042572,0.2473960816860199,0.50326307117939,0.2772524207830429,3.4914093017578125,3.8924407958984375,1,1,False,Fixation
15.634,0.5220046043395996,0.31574368476867676,0.4884333312511444,0.24179954826831818,0.505218967795372,0.27877161651849747,3.4806060791015625,3.870849609375,1,1,False,Fixation
15.651,0.5138992071151733,0.3204311430454254,0.4922625720500946,0.23627910017967224,0.503080889582634,0.27835512161254883,3.4933013916015625,3.859466552734375,1,1,False,Fixation
15.668,0.5152949094772339,0.29995203018188477,0.4934646189212799,0.22482863068580627,0.5043797641992569,0.2623903304338455,3.4824981689453125,3.8450164794921875,1,1,False,Fixation
15.684,0.5174902081489563,0.31534135341644287,0.4966312050819397,0.23504726588726044,0.507060706615448,0.27519430965185165,3.45806884765625,3.813140869140625,1,1,False,Fixation
15.701,0.5169311761856079,0.31773093342781067,0.49779802560806274,0.2453019917011261,0.5073646008968353,0.2815164625644684,3.4529571533203125,3.8393402099609375,1,1,False,Fixation
15.718,0.5211657881736755,0.3129710853099823,0.5023717880249023,0.23847545683383942,0.5117687880992889,0.27572327107191086,3.46923828125,3.83612060546875,1,1,False,Fixation
15.734,0.5226224660873413,0.32733550667762756,0.5058517456054688,0.24273943901062012,0.514237105846405,0.28503747284412384,3.4661865234375,3.815277099609375,1,1,False,Fixation
15.751,0.5138534903526306,0.3010522425174713,0.49536383152008057,0.22750939428806305,0.5046086609363556,0.2642808184027672,3.4157867431640625,3.7949981689453125,1,1,False,Fixation
15.768,0.4901261329650879,0.30451759696006775,0.45752015709877014,0.24800623953342438,0.473823145031929,0.27626191824674606,3.425140380859375,3.8076629638671875,1,1,False,Fixation
15.784,0.49015873670578003,0.31128084659576416,0.4588390290737152,0.25625139474868774,0.4744988828897476,0.28376612067222595,3.417877197265625,3.8040618896484375,1,1,False,Fixation
15.801,0.4903644621372223,0.31150394678115845,0.46034756302833557,0.23953114449977875,0.47535601258277893,0.2755175456404686,3.4181365966796875,3.796661376953125,1,1,False,Fixation
15.818,0.4905812442302704,0.31324872374534607,0.4543883502483368,0.2523358166217804,0.4724847972393036,0.28279227018356323,3.422607421875,3.779327392578125,1,1,False,Fixation
15.834,0.470219224691391,0.2924882769584656,0.4549652636051178,0.25467103719711304,0.4625922441482544,0.2735796570777893,3.484893798828125,3.7586669921875,1,1,False,Fixation
15.851,nan,nan,0.45261359214782715,0.23956923186779022,nan,nan,nan,3.782073974609375,0,1,False,Saccade
15.868,0.4939503073692322,0.310413658618927,0.45821163058280945,0.24857458472251892,0.4760809689760208,0.27949412167072296,3.3863067626953125,3.7670440673828125,1,1,False,Saccade
15.884,0.48869356513023376,0.3130705654621124,0.46389326453208923,0.24449162185192108,0.4762934148311615,0.27878109365701675,3.4019622802734375,3.7359161376953125,1,1,False,Fixation
15.901,0.47937116026878357,0.3149961531162262,nan,nan,nan,nan,3.4246826171875,nan,1,0,False,Saccade
15.918,0.47656604647636414,0.30821436643600464,0.4555896520614624,0.23260252177715302,0.46607784926891327,0.2704084441065788,3.414031982421875,3.7186431884765625,1,1,False,Saccade
15.934,0.48082873225212097,0.2940269410610199,0.4575173258781433,0.23252008855342865,0.46917302906513214,0.2632735148072243,3.3768157958984375,3.72052001953125,1,1,False,Fixation
15.951,nan,nan,nan,nan,nan,nan,nan,nan,0,0,False,Saccade
15.968,0.4816356599330902,0.3235728144645691,0.45890945196151733,0.23413555324077606,0.47027255594730377,0.2788541838526726,3.377197265625,3.706298828125,1,1,False,Saccade
15.984,0.4642019271850586,0.320772647857666,0.46165159344673157,0.2427188605070114,0.4629267603158951,0.2817457541823387,3.4684906005859375,3.6816864013671875,1,1,False,Fixation
16.001,0.48633381724357605,0.3174102008342743,0.46122148633003235,0.2364712953567505,0.4737776517868042,0.2769407480955124,3.37066650390625,3.693145751953125,1,1,False,Fixation
16.018,0.485225647687912,0.31795504689216614,0.4598206877708435,0.24849553406238556,0.47252316772937775,0.28322529047727585,3.3658905029296875,3.6918487548828125,1,1,False,Fixation
16.034,0.48275226354599,0.31646597385406494,0.46275150775909424,0.24104700982570648,0.4727518856525421,0.2787564918398857,3.363037109375,3.6948699951171875,1,1,False,Fixation
16.051,0.4828646183013916,0.309072345495224,0.4568188786506653,0.24011056125164032,0.46984174847602844,0.27459145337343216,3.3575897216796875,3.6833038330078125,1,1,False,Fixation
16.067,0.4866587221622467,0.317291796207428,0.4569016396999359,0.24616238474845886,0.4717801809310913,0.2817270904779434,3.355987548828125,3.6576995849609375,1,1,False,Fixation
16.084,0.48184189200401306,0.31657522916793823,0.4592541754245758,0.24999679625034332,0.47054803371429443,0.2832860127091408,3.327392578125,3.6488189697265625,1,1,False,Fixation
16.101,0.4790169596672058,0.33367782831192017,0.45167264342308044,0.2522093951702118,0.4653448015451431,0.292943611741066,3.32159423828125,3.6623382568359375,1,1,False,Fixation
16.117,0.38569051027297974,0.38415318727493286,0.33185750246047974,0.30286574363708496,0.35877400636672974,0.3435094654560089,3.27899169921875,3.5398712158203125,1,1,False,Fixation
16.133,nan,nan,nan,nan,nan,nan,nan,nan,0,0,False,Saccade
16.151,nan,nan,nan,nan,nan,nan,nan,nan,0,0,False,Saccade
16.167,nan,nan,nan,nan,nan,nan,nan,nan,0,0,False,Saccade
16.183,nan,nan,nan,nan,nan,nan,nan,nan,0,0,False,Saccade
16.201,nan,nan,nan,nan,nan,nan,nan,nan,0,0,False,Saccade
16.217,nan,nan,-0.1486213207244873,0.7352277040481567,nan,nan,nan,3.151397705078125,0,1,False,Saccade
16.233,0.13066326081752777,0.7592126727104187,-0.017154397442936897,0.6849069595336914,0.05675443168729544,0.722059816122055,2.9517974853515625,3.19744873046875,1,1,False,Saccade
16.250,nan,nan,nan,nan,nan,nan,nan,nan,0,0,False,Saccade
16.267,0.23839867115020752,0.6733036637306213,0.20697692036628723,0.5469950437545776,0.22268779575824738,0.6101493537425995,3.21197509765625,3.5930023193359375,1,1,False,Saccade
16.283,0.2282118797302246,0.6575191617012024,0.20185983180999756,0.5197098851203918,0.21503585577011108,0.5886145234107971,3.2449951171875,3.5742340087890625,1,1,False,Fixation
16.300,0.2292272299528122,0.6605924963951111,nan,nan,nan,nan,3.25469970703125,nan,1,0,False,Saccade
16.317,0.23650188744068146,0.6680465936660767,0.19623224437236786,0.5083082914352417,0.21636706590652466,0.5881774425506592,3.267730712890625,3.5337677001953125,1,1,False,Saccade
16.333,0.2379484474658966,0.6801368594169617,0.19263488054275513,0.4981754422187805,0.21529166400432587,0.5891561508178711,3.252227783203125,3.5689849853515625,1,1,False,Fixation
16.350,0.22971992194652557,0.6653463840484619,0.194410502910614,0.4966645836830139,0.2120652124285698,0.5810054838657379,3.228118896484375,3.5775299072265625,1,1,False,Fixation
16.367,0.2325289100408554,0.6540775895118713,0.18546763062477112,0.5563666224479675,0.20899827033281326,0.6052221059799194,3.2289276123046875,3.5525665283203125,1,1,False,Fixation
16.383,0.23648764193058014,0.6577181220054626,0.17289511859416962,0.5526295900344849,0.20469138026237488,0.6051738560199738,3.2416839599609375,3.512542724609375,1,1,False,Fixation
16.400,0.2288186401128769,0.6773205399513245,0.16797548532485962,0.5759337544441223,0.19839706271886826,0.6266271471977234,3.2388153076171875,3.5345001220703125,1,1,False,Fixation
16.417,0.197649747133255,0.7485765814781189,0.12793461978435516,0.6030810475349426,0.16279218345880508,0.6758288145065308,3.2261199951171875,3.49395751953125,1,1,False,Fixation
16.433,0.1948164403438568,0.7731667160987854,0.13143779337406158,0.6261835098266602,0.1631271168589592,0.6996751129627228,3.2154388427734375,3.4622802734375,1,1,False,Fixation
16.450,0.19227378070354462,0.7479987740516663,0.12489014863967896,0.6232953071594238,0.15858196467161179,0.685647040605545,3.19989013671875,3.4505767822265625,1,1,False,Fixation
16.467,0.1999623030424118,0.7347707152366638,0.13228541612625122,0.48867085576057434,0.1661238595843315,0.6117207854986191,3.232635498046875,3.47674560546875,1,1,False,Fixation
16.483,0.18996819853782654,0.7457055449485779,0.12476977705955505,0.6324030160903931,0.1573689877986908,0.6890542805194855,3.2439422607421875,3.450042724609375,1,1,False,Fixation
16.500,0.185014009475708,0.7605955600738525,0.12870962917804718,0.6173630952835083,0.1568618193268776,0.6889793276786804,3.225006103515625,3.4523162841796875,1,1,False,Fixation
16.517,0.18895280361175537,0.7458250522613525,0.1269546002149582,0.6176660656929016,0.15795370191335678,0.6817455589771271,3.227020263671875,3.456207275390625,1,1,False,Fixation
16.533,0.19129836559295654,0.7300615310668945,0.12793181836605072,0.6474810838699341,0.15961509197950363,0.6887713074684143,3.2427978515625,3.486541748046875,1,1,False,Fixation
16.550,0.19252386689186096,0.7361181378364563,0.12569068372249603,0.6472020149230957,0.1591072753071785,0.691660076379776,3.2552947998046875,3.4872283935546875,1,1,False,Fixation
16.567,0.18714900314807892,0.7249513864517212,0.12676796317100525,0.6301516890525818,0.15695848315954208,0.6775515377521515,3.243560791015625,3.4901885986328125,1,1,False,Fixation
16.583,0.18480002880096436,0.7317463159561157,0.12681320309638977,0.6057094931602478,0.15580661594867706,0.6687279045581818,3.2580413818359375,3.4861297607421875,1,1,False,Fixation
16.600,0.1841612607240677,0.7693417072296143,nan,nan,nan,nan,3.2917327880859375,nan,1,0,False,Saccade
16.617,0.18814966082572937,0.7730704545974731,0.12305779755115509,0.6145944595336914,0.15560372918844223,0.6938324570655823,3.2966156005859375,3.5125732421875,1,1,False,Saccade
16.633,0.1922077089548111,0.7592073678970337,0.12008644640445709,0.6349940896034241,0.1561470776796341,0.6971007287502289,3.32525634765625,3.5398406982421875,1,1,False,Fixation
16.650,0.19151806831359863,0.74126797914505,0.11822272092103958,0.6440982818603516,0.1548703946173191,0.6926831305027008,3.3150177001953125,3.5558624267578125,1,1,False,Fixation
16.667,nan,nan,0.12305057793855667,0.6441317796707153,nan,nan,nan,3.5858917236328125,0,1,False,Saccade
16.683,0.18266481161117554,0.7501336932182312,0.13031518459320068,0.6188483238220215,0.1564899981021881,0.6844910085201263,3.3043212890625,3.5916290283203125,1,1,False,Saccade
16.700,0.18428398668766022,0.7569000124931335,0.12928029894828796,0.6264420747756958,0.1567821428179741,0.6916710436344147,3.31121826171875,3.5935516357421875,1,1,False,Fixation
16.716,0.19260579347610474,0.7753424048423767,0.13569769263267517,0.6359847784042358,0.16415174305438995,0.7056635916233063,3.3152008056640625,3.6009979248046875,1,1,False,Fixation
16.732,0.29230979084968567,0.5366068482398987,0.24991124868392944,0.4077746570110321,0.27111051976680756,0.4721907526254654,3.338043212890625,3.6433868408203125,1,1,False,Fixation
16.750,0.3624171018600464,0.4076172411441803,nan,nan,nan,nan,3.3469696044921875,nan,1,0,False,Saccade
16.766,0.5014346837997437,0.26919621229171753,0.4860978126525879,0.19043657183647156,0.49376624822616577,0.22981639206409454,3.2906036376953125,3.588531494140625,1,1,False,Saccade
16.782,0.5191996097564697,0.2595815360546112,0.48825177550315857,0.18959811329841614,0.5037256926298141,0.22458982467651367,3.2662811279296875,3.6009063720703125,1,1,False,Fixation
16.800,0.5297626256942749,0.24450883269309998,nan,nan,nan,nan,3.3193511962890625,nan,1,0,False,Saccade
16.816,0.5240883231163025,0.2529308795928955,0.4818960726261139,0.20320193469524384,0.5029921978712082,0.22806640714406967,3.30029296875,3.5543365478515625,1,1,False,Saccade
16.832,0.5224208235740662,0.2630234956741333,0.48151278495788574,0.19581378996372223,0.501966804265976,0.22941864281892776,3.294158935546875,3.574127197265625,1,1,False,Fixation
16.850,0.5347426533699036,0.2539066970348358,nan,nan,nan,nan,3.305023193359375,nan,1,0,False,Saccade
16.866,0.5259082913398743,0.26194965839385986,0.4801688492298126,0.20806589722633362,0.5030385702848434,0.23500777781009674,3.256805419921875,3.5350189208984375,1,1,False,Saccade
16.882,0.522850751876831,0.26116272807121277,0.4822896122932434,0.21488803625106812,0.5025701820850372,0.23802538216114044,3.2441253662109375,3.5039215087890625,1,1,False,Fixation
16.899,0.5260255932807922,0.26517289876937866,0.48268428444862366,0.2187153398990631,0.504354938864708,0.2419441193342209,3.2406158447265625,3.5226287841796875,1,1,False,Fixation
16.916,nan,nan,0.4927276372909546,0.20512063801288605,nan,nan,nan,3.4957275390625,0,1,False,Saccade
16.932,0.48489293456077576,0.30297696590423584,0.456794798374176,0.19732248783111572,0.4708438664674759,0.2501497268676758,3.2536773681640625,3.4778289794921875,1,1,False,Saccade
16.949,0.48591870069503784,0.3058134913444519,0.4481714963912964,0.23244227468967438,0.4670450985431671,0.26912788301706314,3.205780029296875,3.50482177734375,1,1,False,Fixation
16.966,0.4708367586135864,0.3166637122631073,0.4317806363105774,0.239468514919281,0.4513086974620819,0.27806611359119415,3.16058349609375,3.4699554443359375,1,1,False,Fixation
16.982,0.4716643989086151,0.33129751682281494,0.4293510913848877,0.23131033778190613,0.4505077451467514,0.28130392730236053,3.1498565673828125,3.41253662109375,1,1,False,Fixation
16.999,0.4678664803504944,0.32833588123321533,0.430916965007782,0.22912687063217163,0.4493917226791382,0.2787313759326935,3.11505126953125,3.406829833984375,1,1,False,Fixation
17.016,0.45575472712516785,0.32854756712913513,0.43183252215385437,0.23097078502178192,0.4437936246395111,0.2797591760754585,3.0579681396484375,3.3899993896484375,1,1,False,Fixation
17.032,0.46113330125808716,0.3260895907878876,0.43618685007095337,0.23045417666435242,0.44866007566452026,0.27827188372612,3.0550689697265625,3.37823486328125,1,1,False,Fixation
17.049,0.4674158990383148,0.32096266746520996,0.4349699914455414,0.22593563795089722,0.4511929452419281,0.2734491527080536,3.086669921875,3.364044189453125,1,1,False,Fixation
17.066,0.4710704982280731,0.32475361227989197,0.4329013228416443,0.24081182479858398,0.4519859105348587,0.282782718539238,3.0709686279296875,3.353424072265625,1,1,False,Fixation
17.082,0.4695862829685211,0.313362717628479,0.4326520562171936,0.2386092096567154,0.45111916959285736,0.2759859636425972,3.06939697265625,3.308258056640625,1,1,False,Fixation
17.099,0.468591570854187,0.300757497549057,0.43283239006996155,0.24096481502056122,0.4507119804620743,0.2708611562848091,3.060150146484375,3.3253936767578125,1,1,False,Fixation
17.116,0.46941426396369934,0.3121738135814667,0.4354911744594574,0.2452118992805481,0.45245271921157837,0.2786928564310074,3.0389404296875,3.3295440673828125,1,1,False,Fixation
17.132,0.4725829064846039,0.32243508100509644,0.432474821805954,0.2342461198568344,0.45252886414527893,0.2783406004309654,3.0180511474609375,3.3217926025390625,1,1,False,Fixation
17.149,0.47051215171813965,0.3014344274997711,0.42929255962371826,0.22915294766426086,0.44990235567092896,0.265293687582016,3.0118255615234375,3.30169677734375,1,1,False,Fixation
17.166,0.4679598808288574,0.3099597692489624,0.43039292097091675,0.23554952442646027,0.4491764008998871,0.27275464683771133,2.99835205078125,3.3231201171875,1,1,False,Fixation
17.182,0.4658297300338745,0.32195180654525757,0.43190670013427734,0.23148933053016663,0.4488682150840759,0.2767205685377121,3.02783203125,3.30615234375,1,1,False,Fixation
17.199,0.4640694856643677,0.326801061630249,0.43313324451446533,0.23130522668361664,0.4486013650894165,0.27905314415693283,3.02508544921875,3.3211517333984375,1,1,False,Fixation
17.216,0.4693434536457062,0.33868247270584106,0.43610477447509766,0.2349185347557068,0.4527241140604019,0.2868005037307739,3.0145416259765625,3.36846923828125,1,1,False,Fixation
17.232,0.4738985300064087,0.3232031762599945,0.43402236700057983,0.23508159816265106,0.45396044850349426,0.2791423872113228,3.0255584716796875,3.3509979248046875,1,1,False,Fixation
17.249,0.46791037917137146,0.3291686773300171,0.4303281009197235,0.23911073803901672,0.4491192400455475,0.2841397076845169,3.0345306396484375,3.3586578369140625,1,1,False,Fixation
17.266,0.4702536165714264,0.33205294609069824,0.43264833092689514,0.22263740003108978,0.45145097374916077,0.277345173060894,3.0398406982421875,3.3586273193359375,1,1,False,Fixation
17.282,0.47053903341293335,0.31934812664985657,0.4260794222354889,0.23510421812534332,0.4483092278242111,0.27722617238759995,3.0413360595703125,3.3911285400390625,1,1,False,Fixation
17.299,0.4753228425979614,0.31552043557167053,0.4390043020248413,0.22614829242229462,0.45716357231140137,0.2708343639969826,3.0356292724609375,3.35870361328125,1,1,False,Fixation
17.315,0.47827255725860596,0.32265061140060425,0.43682748079299927,0.22032585740089417,0.4575500190258026,0.2714882344007492,3.04364013671875,3.3776092529296875,1,1,False,Fixation
17.332,0.47743719816207886,0.32727426290512085,0.44319993257522583,0.22553762793540955,0.46031856536865234,0.2764059454202652,3.05523681640625,3.4122161865234375,1,1,False,Fixation
17.349,0.4467824101448059,0.349032461643219,nan,nan,nan,nan,3.1281890869140625,nan,1,0,False,Saccade
17.365,0.3251475393772125,0.4757387936115265,0.2776435911655426,0.37722247838974,0.30139556527137756,0.42648063600063324,3.1694793701171875,3.5341033935546875,1,1,False,Saccade
17.381,0.22693771123886108,0.7229525446891785,0.1540202796459198,0.5973687171936035,0.19047899544239044,0.660160630941391,3.1110992431640625,3.511383056640625,1,1,False,Fixation
17.399,0.21368636190891266,0.7603194117546082,0.1153877004981041,0.6454210877418518,0.16453703120350838,0.70287024974823,3.111907958984375,3.50445556640625,1,1,False,Fixation
17.415,0.19288165867328644,0.7690030932426453,0.1203804537653923,0.6508560180664062,0.15663105621933937,0.7099295556545258,3.1478729248046875,3.5431060791015625,1,1,False,Fixation
17.431,0.19941359758377075,0.7774770259857178,0.11613260209560394,0.6499848365783691,0.15777309983968735,0.7137309312820435,3.1670684814453125,3.558685302734375,1,1,False,Fixation
17.449,0.19442537426948547,0.7488778829574585,0.11459554731845856,0.6473733186721802,0.15451046079397202,0.6981256008148193,3.1201019287109375,3.5354766845703125,1,1,False,Fixation
17.465,0.1938445270061493,0.7318289279937744,0.11847446113824844,0.6603015661239624,0.15615949407219887,0.6960652470588684,3.096527099609375,3.570648193359375,1,1,False,Fixation
17.481,0.20098882913589478,0.7578694820404053,0.1190963089466095,0.6422356367111206,0.16004256904125214,0.7000525593757629,3.1114654541015625,3.575592041015625,1,1,False,Fixation
17.499,0.19871635735034943,0.7703624367713928,nan,nan,nan,nan,3.1744842529296875,nan,1,0,False,Saccade
17.515,0.1954411119222641,0.7589823007583618,0.12032973766326904,0.6476420164108276,0.15788542479276657,0.7033121585845947,3.1792449951171875,3.585113525390625,1,1,False,Saccade
17.531,0.17440761625766754,0.7579561471939087,0.12789084017276764,0.6530613303184509,0.1511492282152176,0.7055087387561798,3.261993408203125,3.605133056640625,1,1,False,Fixation
17.548,0.19684810936450958,0.7437384128570557,0.12217823415994644,0.6717133522033691,0.159513171762228,0.7077258825302124,3.1729736328125,3.585418701171875,1,1,False,Fixation
17.565,0.19841578602790833,0.7772956490516663,0.12115920335054398,0.655974805355072,0.15978749468922615,0.7166352272033691,3.196929931640625,3.607818603515625,1,1,False,Fixation
17.581,0.1962396502494812,0.7537151575088501,0.1118735522031784,0.6616140007972717,0.1540566012263298,0.7076645791530609,3.1902923583984375,3.648040771484375,1,1,False,Fixation
17.598,0.19360071420669556,0.7615686655044556,0.12379701435565948,0.669326663017273,0.15869886428117752,0.7154476642608643,3.1871337890625,3.6222686767578125,1,1,False,Fixation
17.615,nan,nan,0.11829668283462524,0.6942859292030334,nan,nan,nan,3.6300811767578125,0,1,False,Saccade
17.631,0.19849057495594025,0.7355866432189941,0.12044712156057358,0.6698720455169678,0.1594688482582569,0.702729344367981,3.1939697265625,3.6226043701171875,1,1,False,Saccade
17.648,0.20006467401981354,0.7429457902908325,0.12137967348098755,0.6367589235305786,0.16072217375040054,0.6898523569107056,3.212310791015625,3.6044769287109375,1,1,False,Fixation
17.665,0.196079820394516,0.7210666537284851,0.1244218572974205,0.6576106548309326,0.16025083884596825,0.6893386542797089,3.185882568359375,3.6026763916015625,1,1,False,Fixation
17.681,0.1932954043149948,0.7304337024688721,0.12347988784313202,0.6654057502746582,0.15838764607906342,0.6979197263717651,3.1917266845703125,3.62054443359375,1,1,False,Fixation
17.698,0.19598786532878876,0.7415658235549927,0.11369270831346512,0.6686410307884216,0.15484028682112694,0.7051034271717072,3.253875732421875,3.6108856201171875,1,1,False,Fixation
17.715,0.1952674835920334,0.7714686393737793,0.12569454312324524,0.6651102900505066,0.1604810133576393,0.7182894647121429,3.2552032470703125,3.63104248046875,1,1,False,Fixation
17.731,0.19529052078723907,0.7599639892578125,0.12584702670574188,0.6294586062431335,0.16056877374649048,0.694711297750473,3.2484588623046875,3.6335601806640625,1,1,False,Fixation
17.748,0.19541186094284058,0.759512186050415,0.10554172843694687,0.6685149073600769,0.15047679468989372,0.714013546705246,3.248931884765625,3.67230224609375,1,1,False,Fixation
17.765,0.19576242566108704,0.7743766903877258,0.11178702116012573,0.6541469693183899,0.15377472341060638,0.7142618298530579,3.2553253173828125,3.6942901611328125,1,1,False,Fixation
17.781,0.19071713089942932,0.761409342288971,0.12244365364313126,0.6738128066062927,0.1565803922712803,0.7176110744476318,3.2596282958984375,3.63543701171875,1,1,False,Fixation
17.798,0.1908724457025528,0.7773905396461487,0.11837436258792877,0.6739954352378845,0.15462340414524078,0.7256929874420166,3.277313232421875,3.656036376953125,1,1,False,Fixation
17.815,0.15614937245845795,0.7560288906097412,0.07251745462417603,0.6180980801582336,0.11433341354131699,0.6870634853839874,3.301300048828125,3.6704559326171875,1,1,False,Fixation
17.831,0.12098053097724915,0.49826520681381226,0.0644792839884758,0.2990795969963074,0.09272990748286247,0.3986724019050598,3.3368377685546875,3.729217529296875,1,1,False,Fixation
17.848,0.12691792845726013,0.36509913206100464,0.07083354145288467,0.1903129518032074,0.0988757349550724,0.277706041932106,3.3300018310546875,3.7880859375,1,1,False,Fixation
17.865,0.14614439010620117,0.02443988434970379,0.09073833376169205,-0.09060422331094742,0.11844136193394661,-0.033082169480621815,3.29034423828125,3.8125762939453125,1,1,False,Fixation
17.881,0.19652004539966583,-0.01376381702721119,nan,nan,nan,nan,3.2676849365234375,nan,1,0,False,Saccade
17.898,0.17384330928325653,-0.04909321293234825,nan,nan,nan,nan,3.26580810546875,nan,1,0,False,Saccade
17.915,0.16033533215522766,-0.11379424482584,0.08931329101324081,-0.12293115258216858,0.12482431158423424,-0.11836269870400429,3.4340972900390625,3.7594451904296875,1,1,False,Saccade
17.931,0.17438052594661713,-0.04010587930679321,nan,nan,nan,nan,3.29388427734375,nan,1,0,False,Saccade
17.948,0.17170172929763794,-0.04417059198021889,nan,nan,nan,nan,3.2730255126953125,nan,1,0,False,Saccade
17.964,nan,nan,0.10280682891607285,-0.1333039402961731,nan,nan,nan,3.912078857421875,0,1,False,Saccade
17.980,0.18849028646945953,0.011211720295250416,nan,nan,nan,nan,3.2286376953125,nan,1,0,False,Saccade
17.998,0.18127921223640442,-0.02112344093620777,nan,nan,nan,nan,3.2768402099609375,nan,1,0,False,Saccade
18.014,0.18320971727371216,-0.06005948781967163,0.1039164811372757,-0.1532130092382431,0.14356309920549393,-0.10663624852895737,3.2762298583984375,3.8435516357421875,1,1,False,Saccade
18.030,nan,nan,nan,nan,nan,nan,nan,nan,0,0,False,Saccade
18.048,0.12799733877182007,-0.08649881184101105,0.02086510695517063,-0.09202275425195694,0.07443122286349535,-0.089260783046484,3.3194427490234375,3.7261199951171875,1,1,False,Saccade
18.064,nan,nan,0.0035938674118369818,-0.07891213893890381,nan,nan,nan,3.7794647216796875,0,1,False,Saccade
18.080,0.0872969999909401,-0.08798743039369583,-0.008900003507733345,-0.08150290697813034,0.039198498241603374,-0.08474516868591309,3.2682037353515625,3.771331787109375,1,1,False,Saccade
18.098,0.09183439612388611,-0.08535792678594589,-0.011562003754079342,-0.07548361271619797,0.04013619618490338,-0.08042076975107193,3.276702880859375,3.76641845703125,1,1,False,Fixation
18.114,nan,nan,nan,nan,nan,nan,nan,nan,0,0,False,Saccade
18.130,0.08650177717208862,0.052004773169755936,-0.005669508595019579,-0.0734456405043602,0.04041613428853452,-0.010720433667302132,3.2526397705078125,3.6965484619140625,1,1,False,Saccade
18.147,0.08680346608161926,0.05669105052947998,nan,nan,nan,nan,3.2490692138671875,nan,1,0,False,Saccade
18.164,nan,nan,-0.037788137793540955,-0.05316512659192085,nan,nan,nan,3.6259918212890625,0,1,False,Saccade
18.180,0.08765753358602524,0.06176631152629852,-0.02166222408413887,-0.0647396519780159,0.032997654750943184,-0.0014866702258586884,3.240570068359375,3.6787261962890625,1,1,False,Saccade
18.197,0.09782825410366058,0.038142457604408264,-0.015533419325947762,-0.08188440650701523,0.04114741738885641,-0.021870974451303482,3.2089691162109375,3.7155303955078125,1,1,False,Fixation
18.214,0.09520591795444489,0.04567571356892586,-0.013309714384377003,-0.06960826367139816,0.04094810178503394,-0.011966275051236153,3.2562103271484375,3.6918792724609375,1,1,False,Fixation
18.230,0.09411660581827164,0.03887409344315529,-0.0234671663492918,-0.07245278358459473,0.03532471973448992,-0.01678934507071972,3.2898406982421875,3.698822021484375,1,1,False,Fixation
18.247,0.0906059667468071,0.03292985260486603,-0.01256483793258667,-0.08256976306438446,0.039020564407110214,-0.024819955229759216,3.246917724609375,3.754913330078125,1,1,False,Fixation
18.264,0.08308546990156174,0.03304051607847214,-0.019015373662114143,-0.09895847737789154,0.0320350481197238,-0.0329589806497097,3.2608489990234375,3.78802490234375,1,1,False,Fixation
18.280,0.08185211569070816,0.04028421267867088,-0.02568569779396057,-0.09663847833871841,0.028083208948373795,-0.028177132830023766,3.2725677490234375,3.796600341796875,1,1,False,Fixation
18.297,0.08506597578525543,0.047720860689878464,nan,nan,nan,nan,3.2182769775390625,nan,1,0,False,Saccade
18.314,0.09816206991672516,-0.012043955735862255,-0.0048703281208872795,-0.16873258352279663,0.04664587089791894,-0.09038826962932944,3.2295989990234375,3.7393646240234375,1,1,False,Saccade
18.330,0.08923099935054779,0.02097618393599987,nan,nan,nan,nan,3.2576141357421875,nan,1,0,False,Saccade
18.347,0.08836673945188522,-0.0013770810328423977,0.02615460939705372,-0.15703251957893372,0.05726067442446947,-0.07920480030588806,3.2493896484375,3.9238128662109375,1,1,False,Saccade
18.364,0.08705472946166992,0.01539094652980566,0.037356577813625336,-0.1475425511598587,0.06220565363764763,-0.06607580231502652,3.27117919921875,3.930755615234375,1,1,False,Fixation
18.380,0.10585375130176544,0.037175338715314865,nan,nan,nan,nan,3.2297515869140625,nan,1,0,False,Saccade
18.397,0.09508704394102097,0.0017518091481179,nan,nan,nan,nan,3.2505645751953125,nan,1,0,False,Saccade
18.414,0.09648450464010239,0.01761447638273239,nan,nan,nan,nan,3.2361907958984375,nan,1,0,False,Saccade
18.430,0.08028672635555267,0.004489179700613022,nan,nan,nan,nan,3.34283447265625,nan,1,0,False,Saccade
18.447,0.10326993465423584,0.007265347987413406,nan,nan,nan,nan,3.28924560546875,nan,1,0,False,Saccade
18.464,0.1023816168308258,0.00021289446158334613,0.039551813155412674,-0.13332432508468628,0.07096671499311924,-0.06655571531155147,3.2724456787109375,3.945404052734375,1,1,False,Saccade
18.480,0.10393291711807251,0.031486015766859055,nan,nan,nan,nan,3.2530975341796875,nan,1,0,False,Saccade
18.497,0.09886637330055237,0.006665266118943691,nan,nan,nan,nan,3.28118896484375,nan,1,0,False,Saccade
18.514,0.07408196479082108,0.007452990394085646,-0.02349534071981907,-0.1551554799079895,0.025293312035501003,-0.07385124475695193,3.2407989501953125,3.8427581787109375,1,1,False,Saccade
18.530,0.058344945311546326,-0.10426119714975357,nan,nan,nan,nan,3.2555389404296875,nan,1,0,False,Saccade
18.547,0.057540684938430786,-0.1079082265496254,nan,nan,nan,nan,3.255462646484375,nan,1,0,False,Saccade
18.563,0.04815153405070305,-0.0008506324957124889,-0.05406815931200981,-0.11260845512151718,-0.0029583126306533813,-0.056729543808614835,3.2596435546875,3.89886474609375,1,1,False,Saccade
18.580,0.04400300607085228,0.0017948405584320426,nan,nan,nan,nan,3.2673797607421875,nan,1,0,False,Saccade
18.597,0.03641250357031822,0.01967671327292919,nan,nan,nan,nan,3.216339111328125,nan,1,0,False,Saccade
18.613,0.0290507934987545,0.002670275280252099,-0.03021330200135708,-0.09952210634946823,-0.0005812542513012886,-0.048425915534608066,3.308624267578125,3.8753204345703125,1,1,False,Saccade
18.629,0.032551445066928864,-0.015560761094093323,nan,nan,nan,nan,3.2712249755859375,nan,1,0,False,Saccade
18.647,0.04136113077402115,0.005883425939828157,-0.011941425502300262,-0.1133488118648529,0.014709852635860443,-0.053732692962512374,3.2110443115234375,3.950103759765625,1,1,False,Saccade
18.663,0.040800709277391434,0.029821395874023438,-0.027023283764719963,-0.12179966270923615,0.006888712756335735,-0.045989133417606354,3.20477294921875,3.9394073486328125,1,1,False,Fixation
18.679,0.04153331369161606,0.013544362969696522,nan,nan,nan,nan,3.239471435546875,nan,1,0,False,Saccade
18.697,0.036957625299692154,0.010717497207224369,nan,nan,nan,nan,3.2318572998046875,nan,1,0,False,Saccade
18.713,0.026465002447366714,-0.12103631347417831,-0.06323167681694031,-0.08706270903348923,-0.018383337184786797,-0.10404951125383377,3.2986602783203125,3.8097991943359375,1,1,False,Saccade
18.729,0.006090518552809954,-0.0038215944077819586,nan,nan,nan,nan,3.305816650390625,nan,1,0,False,Saccade
18.747,0.0016044266521930695,-0.012003430165350437,nan,nan,nan,nan,3.309722900390625,nan,1,0,False,Saccade
18.763,0.012763911858201027,-0.10834021866321564,-0.08324160426855087,-0.13018138706684113,-0.03523884620517492,-0.11926080286502838,3.3226165771484375,3.985107421875,1,1,False,Saccade
18.779,0.09509731829166412,-0.09063223004341125,nan,nan,nan,nan,3.3453521728515625,nan,1,0,False,Saccade
18.796,nan,nan,nan,nan,nan,nan,nan,nan,0,0,False,Saccade
18.813,nan,nan,nan,nan,nan,nan,nan,nan,0,0,False,Saccade
18.829,0.6932532787322998,-0.15600131452083588,nan,nan,nan,nan,3.3614044189453125,nan,1,0,False,Saccade
18.846,nan,nan,nan,nan,nan,nan,nan,nan,0,0,False,Saccade
18.863,nan,nan,nan,nan,nan,nan,nan,nan,0,0,False,Saccade
18.879,0.9965260028839111,-0.17741431295871735,0.9265580773353577,-0.15581388771533966,0.9615420401096344,-0.1666141003370285,3.3543853759765625,3.6681060791015625,1,1,False,Saccade
18.896,0.9939679503440857,-0.18035466969013214,0.9084035158157349,-0.15590247511863708,0.9511857330799103,-0.1681285724043846,3.3458251953125,3.68426513671875,1,1,False,Fixation
18.913,nan,nan,nan,nan,nan,nan,nan,nan,0,0,False,Saccade
18.929,nan,nan,0.9231211543083191,-0.16047395765781403,nan,nan,nan,3.678497314453125,0,1,False,Saccade
18.946,0.9702123403549194,-0.16515080630779266,nan,nan,nan,nan,3.5003204345703125,nan,1,0,False,Saccade
18.963,nan,nan,nan,nan,nan,nan,nan,nan,0,0,False,Saccade
18.979,nan,nan,0.901915431022644,-0.15424653887748718,nan,nan,nan,3.683746337890625,0,1,False,Saccade
18.996,0.9828891754150391,-0.1686205118894577,0.9059953093528748,-0.1326446831226349,0.9444422423839569,-0.1506325975060463,3.451263427734375,3.679473876953125,1,1,False,Saccade
19.013,nan,nan,nan,nan,nan,nan,nan,nan,0,0,False,Saccade
19.029,nan,nan,0.9771533012390137,-0.12166617810726166,nan,nan,nan,3.65582275390625,0,1,False,Saccade
19.046,1.0792288780212402,-0.07004904747009277,nan,nan,nan,nan,3.563507080078125,nan,1,0,False,Saccade
19.063,nan,nan,nan,nan,nan,nan,nan,nan,0,0,False,Saccade
19.079,nan,nan,0.9547842144966125,-0.11632724851369858,nan,nan,nan,3.6936187744140625,0,1,False,Saccade
19.096,1.110651969909668,-0.04352707415819168,0.9517753720283508,-0.12040898203849792,1.0312136709690094,-0.0819680280983448,3.4232635498046875,3.70220947265625,1,1,False,Saccade
19.113,nan,nan,nan,nan,nan,nan,nan,nan,0,0,False,Saccade
19.129,nan,nan,0.9718562960624695,-0.1495867669582367,nan,nan,nan,3.7883148193359375,0,1,False,Saccade
19.146,1.1185381412506104,-0.07703749090433121,nan,nan,nan,nan,3.589202880859375,nan,1,0,False,Saccade
19.163,nan,nan,nan,nan,nan,nan,nan,nan,0,0,False,Saccade
19.179,nan,nan,0.9718069434165955,-0.18958216905593872,nan,nan,nan,3.84454345703125,0,1,False,Saccade
19.196,nan,nan,nan,nan,nan,nan,nan,nan,0,0,False,Saccade
19.212,nan,nan,nan,nan,nan,nan,nan,nan,0,0,False,Saccade
19.228,nan,nan,nan,nan,nan,nan,nan,nan,0,0,False,Saccade
19.246,1.1403669118881226,-0.1212516576051712,nan,nan,nan,nan,3.825408935546875,nan,1,0,False,Saccade
19.262,nan,nan,nan,nan,nan,nan,nan,nan,0,0,False,Saccade
19.278,nan,nan,nan,nan,nan,nan,nan,nan,0,0,False,Saccade
19.296,1.1742963790893555,-0.1534700095653534,nan,nan,nan,nan,3.675872802734375,nan,1,0,False,Saccade
19.312,nan,nan,nan,nan,nan,nan,nan,nan,0,0,False,Saccade
19.328,nan,nan,nan,nan,nan,nan,nan,nan,0,0,False,Saccade
19.346,nan,nan,nan,nan,nan,nan,nan,nan,0,0,False,Saccade
19.362,nan,nan,nan,nan,nan,nan,nan,nan,0,0,False,Saccade
19.378,nan,nan,nan,nan,nan,nan,nan,nan,0,0,False,Saccade
19.395,nan,nan,nan,nan,nan,nan,nan,nan,0,0,False,Saccade
19.412,nan,nan,nan,nan,nan,nan,nan,nan,0,0,False,Saccade
19.428,nan,nan,nan,nan,nan,nan,nan,nan,0,0,False,Saccade
19.445,1.1942845582962036,-0.14174814522266388,nan,nan,nan,nan,4.0698699951171875,nan,1,0,False,Saccade
19.462,nan,nan,nan,nan,nan,nan,nan,nan,0,0,False,Saccade
19.478,nan,nan,nan,nan,nan,nan,nan,nan,0,0,False,Saccade
19.495,nan,nan,nan,nan,nan,nan,nan,nan,0,0,False,Saccade
19.512,nan,nan,nan,nan,nan,nan,nan,nan,0,0,False,Saccade
19.528,nan,nan,nan,nan,nan,nan,nan,nan,0,0,False,Saccade
19.545,nan,nan,nan,nan,nan,nan,nan,nan,0,0,False,Saccade
19.562,nan,nan,nan,nan,nan,nan,nan,nan,0,0,False,Saccade
19.578,nan,nan,nan,nan,nan,nan,nan,nan,0,0,False,Saccade
19.595,nan,nan,1.0900651216506958,0.1163020059466362,nan,nan,nan,4.31719970703125,0,1,False,Saccade
19.612,nan,nan,1.0903253555297852,0.0600714236497879,nan,nan,nan,4.2489166259765625,0,1,False,Saccade
19.628,1.154815912246704,0.47097402811050415,1.019595980644226,0.32895269989967346,1.087205946445465,0.3999633640050888,3.5153045654296875,4.1451263427734375,1,1,False,Saccade
19.645,1.1593316793441772,0.5154352188110352,1.0068166255950928,0.45002925395965576,1.083074152469635,0.48273223638534546,3.5250244140625,4.12823486328125,1,1,False,Fixation
19.662,1.1486092805862427,0.738896906375885,0.9830935001373291,0.7289960980415344,1.0658513903617859,0.7339465022087097,3.39697265625,4.031494140625,1,1,False,Fixation
19.678,1.0697685480117798,0.9086769223213196,0.9419267773628235,0.7864083647727966,1.0058476626873016,0.8475426435470581,3.404815673828125,3.950103759765625,1,1,False,Fixation
19.695,1.0445351600646973,0.938275933265686,nan,nan,nan,nan,3.3639068603515625,nan,1,0,False,Saccade
19.712,nan,nan,0.9490978121757507,0.8756700754165649,nan,nan,nan,3.8471221923828125,0,1,False,Saccade
19.728,1.0360865592956543,1.0433497428894043,0.9463324546813965,0.863216757774353,0.9912095069885254,0.9532832503318787,3.3072662353515625,3.79193115234375,1,1,False,Saccade
19.745,1.0295406579971313,1.0114961862564087,0.9415664076805115,0.8831546306610107,0.9855535328388214,0.9473254084587097,3.294189453125,3.8188934326171875,1,1,False,Fixation
19.762,1.0166445970535278,1.0044846534729004,0.9347796440124512,0.8741403818130493,0.9757121205329895,0.9393125176429749,3.284515380859375,3.797637939453125,1,1,False,Fixation
19.778,1.0127718448638916,0.9967318177223206,0.9421007633209229,0.8683208227157593,0.9774363040924072,0.9325263202190399,3.2726898193359375,3.7763671875,1,1,False,Fixation
19.795,1.0091173648834229,0.983954668045044,0.9426670670509338,0.8769833445549011,0.9758922159671783,0.9304690062999725,3.2459869384765625,3.7697601318359375,1,1,False,Fixation
19.811,1.0140761137008667,0.9899511337280273,0.9324226379394531,0.8791255950927734,0.9732493758201599,0.9345383644104004,3.24102783203125,3.7584075927734375,1,1,False,Fixation
19.828,1.0113667249679565,1.000298261642456,0.9132542014122009,0.8579212427139282,0.9623104631900787,0.9291097521781921,3.2137603759765625,3.7492828369140625,1,1,False,Fixation
19.845,1.0015887022018433,1.0266238451004028,0.9145577549934387,0.8392977714538574,0.958073228597641,0.9329608082771301,3.2759552001953125,3.7265625,1,1,False,Fixation
19.861,0.9871021509170532,1.0189874172210693,0.9188469052314758,0.8708266019821167,0.9529745280742645,0.944907009601593,3.3074493408203125,3.7362823486328125,1,1,False,Fixation
19.877,1.0134292840957642,1.0031706094741821,0.9119544625282288,0.8542119860649109,0.9626918733119965,0.9286912977695465,3.2064361572265625,3.7353057861328125,1,1,False,Fixation
19.895,1.0029488801956177,0.99528568983078,0.9099974632263184,0.8570898175239563,0.956473171710968,0.9261877536773682,3.2154083251953125,3.732696533203125,1,1,False,Fixation
19.911,0.9866696000099182,0.9875702857971191,0.9126925468444824,0.8352184295654297,0.9496810734272003,0.9113943576812744,3.276336669921875,3.7256927490234375,1,1,False,Fixation
19.927,0.9580792784690857,0.9673861265182495,0.9060165286064148,0.8910802006721497,0.9320479035377502,0.9292331635951996,3.209197998046875,3.702850341796875,1,1,False,Fixation
19.945,0.8771718144416809,0.926974892616272,0.8644488453865051,0.9001110196113586,0.870810329914093,0.9135429561138153,3.241668701171875,3.7248077392578125,1,1,False,Fixation
19.961,0.6433552503585815,0.8896988034248352,0.625893235206604,0.8315368890762329,0.6346242427825928,0.8606178462505341,3.2468414306640625,3.7720794677734375,1,1,False,Fixation
19.977,0.5702416300773621,0.9155286550521851,0.5440589189529419,0.8281031847000122,0.557150274515152,0.8718159198760986,3.2653656005859375,3.7879180908203125,1,1,False,Fixation
19.995,nan,nan,0.5396719574928284,0.8383753299713135,nan,nan,nan,3.779632568359375,0,1,False,Saccade
20.011,0.579167902469635,0.9338503479957581,0.5375611186027527,0.8479658365249634,0.5583645105361938,0.8909080922603607,3.2016143798828125,3.7471466064453125,1,1,False,Saccade
20.027,0.5712810158729553,0.9222864508628845,0.5487244725227356,0.8398430347442627,0.5600027441978455,0.8810647428035736,3.2279205322265625,3.70703125,1,1,False,Fixation
20.044,0.571888267993927,0.9206697940826416,0.5421732068061829,0.8440611958503723,0.5570307374000549,0.882365494966507,3.2228546142578125,3.7525787353515625,1,1,False,Fixation
20.061,0.5732162594795227,0.9283222556114197,0.5335056781768799,0.8612470030784607,0.5533609688282013,0.8947846293449402,3.2357025146484375,3.734588623046875,1,1,False,Fixation
20.077,0.5813892483711243,0.9372420907020569,0.5417181253433228,0.854610025882721,0.5615536868572235,0.8959260582923889,3.201385498046875,3.685699462890625,1,1,False,Fixation
20.094,0.5670936703681946,0.9362753033638,0.5305290818214417,0.8663617372512817,0.5488113760948181,0.9013185203075409,3.2547454833984375,3.7110137939453125,1,1,False,Fixation
20.111,0.5712006092071533,0.9459287524223328,0.5401687622070312,0.8275227546691895,0.5556846857070923,0.8867257535457611,3.2523040771484375,3.7184295654296875,1,1,False,Fixation
20.127,0.5706297159194946,0.926316499710083,0.5318818688392639,0.8451117277145386,0.5512557923793793,0.8857141137123108,3.2126312255859375,3.70703125,1,1,False,Fixation
20.144,0.54703289270401,0.9542148113250732,0.5160592794418335,0.8469890356063843,0.5315460860729218,0.9006019234657288,3.240020751953125,3.7270355224609375,1,1,False,Fixation
20.161,0.4085649847984314,0.9255357384681702,0.37881791591644287,0.8435584306716919,0.39369145035743713,0.884547084569931,3.2315673828125,3.7454833984375,1,1,False,Fixation
20.177,0.3704296350479126,0.9080778956413269,0.36009642481803894,0.8447684049606323,0.36526302993297577,0.8764231503009796,3.2210540771484375,3.73822021484375,1,1,False,Fixation
20.194,0.3684181571006775,0.9117171168327332,nan,nan,nan,nan,3.2077484130859375,nan,1,0,False,Saccade
20.211,0.38433387875556946,0.9312222003936768,0.35784459114074707,0.8478248119354248,0.37108923494815826,0.8895235061645508,3.21685791015625,3.672698974609375,1,1,False,Saccade
20.227,0.3833567202091217,0.9259861707687378,0.35978513956069946,0.8462005257606506,0.3715709298849106,0.8860933482646942,3.2169189453125,3.6934356689453125,1,1,False,Fixation
20.244,0.38758301734924316,0.9161579608917236,0.36122560501098633,0.8542883396148682,0.37440431118011475,0.8852231502532959,3.221954345703125,3.660430908203125,1,1,False,Fixation
20.261,nan,nan,0.37240687012672424,0.8022360801696777,nan,nan,nan,3.7032623291015625,0,1,False,Saccade
20.277,0.3732413947582245,0.9233887195587158,0.3703313171863556,0.8439861536026001,0.37178635597229004,0.883687436580658,3.2163238525390625,3.6987457275390625,1,1,False,Saccade
20.294,0.3812773525714874,0.9421073794364929,0.3721436560153961,0.8518316149711609,0.3767105042934418,0.8969694972038269,3.2361602783203125,3.60693359375,1,1,False,Fixation
20.311,0.3766546845436096,0.9473127126693726,0.37340861558914185,0.8267489671707153,0.37503165006637573,0.887030839920044,3.22235107421875,3.6599884033203125,1,1,False,Fixation
20.327,0.257865846157074,0.910187840461731,0.24316371977329254,0.8330981731414795,0.25051478296518326,0.8716430068016052,3.229522705078125,3.717559814453125,1,1,False,Fixation
20.344,0.20088070631027222,0.8587786555290222,0.1632368266582489,0.8356643915176392,0.18205876648426056,0.8472215235233307,3.1833953857421875,3.7115631103515625,1,1,False,Fixation
20.361,0.08639036864042282,0.8904693126678467,-0.017220253124833107,0.7598279714584351,0.03458505775779486,0.8251486420631409,3.2379302978515625,3.66400146484375,1,1,False,Fixation
20.377,0.0728294774889946,0.9286155700683594,-0.034410253167152405,0.756848931312561,0.019209612160921097,0.8427322506904602,3.221771240234375,3.682464599609375,1,1,False,Fixation
20.394,0.06875284761190414,0.9183533191680908,-0.02992367558181286,0.7644074559211731,0.019414586015045643,0.841380387544632,3.2435302734375,3.700531005859375,1,1,False,Fixation
20.411,0.07103854417800903,0.9081594944000244,-0.03187081217765808,0.7789553999900818,0.019583866000175476,0.8435574471950531,3.252532958984375,3.6598358154296875,1,1,False,Fixation
20.427,0.07121741771697998,0.9080016613006592,-0.03175957873463631,0.7752825021743774,0.019728919491171837,0.8416420817375183,3.2483062744140625,3.6433258056640625,1,1,False,Fixation
20.444,0.06900260597467422,0.9041654467582703,-0.033238887786865234,0.7881044149398804,0.017881859093904495,0.8461349308490753,3.246063232421875,3.638946533203125,1,1,False,Fixation
20.460,0.07538434863090515,0.933180570602417,-0.043372154235839844,0.7794634699821472,0.016006097197532654,0.8563220202922821,3.25225830078125,3.6177825927734375,1,1,False,Fixation
20.476,0.072401262819767,0.9146156907081604,-0.04094124957919121,0.7839145660400391,0.015730006620287895,0.8492651283740997,3.243927001953125,3.601715087890625,1,1,False,Fixation
20.494,0.06325584650039673,0.9315186142921448,-0.041503921151161194,0.7910165190696716,0.010875962674617767,0.8612675666809082,3.2313690185546875,3.6429290771484375,1,1,False,Fixation
20.510,0.03687937185168266,0.9497793912887573,-0.0931931585073471,0.8150931000709534,-0.028156893327832222,0.8824362456798553,3.2620086669921875,3.6142120361328125,1,1,False,Fixation
20.526,0.03459165245294571,0.9534110426902771,-0.09456145763397217,0.8116928339004517,-0.02998490259051323,0.8825519382953644,3.27325439453125,3.6118011474609375,1,1,False,Fixation
20.544,0.04190586134791374,0.9568135142326355,-0.09629955887794495,0.8076412677764893,-0.027196848765015602,0.8822273910045624,3.2752685546875,3.59259033203125,1,1,False,Fixation
20.560,0.029836447909474373,0.9746225476264954,-0.09811387211084366,0.8201861381530762,-0.03413871210068464,0.8974043428897858,3.2713623046875,3.5941314697265625,1,1,False,Fixation
20.576,0.03275453299283981,0.9809526801109314,-0.09247265011072159,0.8214431405067444,-0.029859058558940887,0.9011979103088379,3.253265380859375,3.59002685546875,1,1,False,Fixation
20.594,0.03532807156443596,0.9779735803604126,-0.09350930154323578,0.8364031314849854,-0.02909061498939991,0.907188355922699,3.24407958984375,3.5930328369140625,1,1,False,Fixation
20.610,0.07920842617750168,0.8967159986495972,-0.017788594588637352,0.7670801877975464,0.030709915794432163,0.8318980932235718,3.238861083984375,3.5874481201171875,1,1,False,Fixation
20.626,0.2930055856704712,0.4654674530029297,0.27414608001708984,0.24888287484645844,0.2835758328437805,0.35717516392469406,3.2024078369140625,3.634063720703125,1,1,False,Fixation
20.643,0.38374388217926025,0.3797317445278168,0.3702160716056824,0.14934483170509338,0.3769799768924713,0.2645382881164551,3.2158660888671875,3.5487213134765625,1,1,False,Fixation
20.660,0.551676869392395,0.25421857833862305,0.530556321144104,0.21335773169994354,0.5411165952682495,0.2337881550192833,3.2024383544921875,3.502166748046875,1,1,False,Fixation
20.676,0.5544452667236328,0.2627444863319397,0.5171377062797546,0.2096688151359558,0.5357914865016937,0.23620665073394775,3.1972198486328125,3.4821624755859375,1,1,False,Fixation
20.693,0.5492757558822632,0.2575621008872986,0.5143637657165527,0.21831567585468292,0.531819760799408,0.23793888837099075,3.194366455078125,3.487060546875,1,1,False,Fixation
20.710,0.549788236618042,0.26760971546173096,0.5185070037841797,0.2251005619764328,0.5341476202011108,0.24635513871908188,3.1813507080078125,3.4606170654296875,1,1,False,Fixation
20.726,0.5481090545654297,0.26294833421707153,0.5038878917694092,0.22086882591247559,0.5259984731674194,0.24190858006477356,3.1568756103515625,3.46044921875,1,1,False,Fixation
20.743,0.5313083529472351,0.24491623044013977,0.5079266428947449,0.23461444675922394,0.51961749792099,0.23976533859968185,3.244232177734375,3.4814605712890625,1,1,False,Fixation
20.760,0.5324079990386963,0.24605119228363037,0.5098720788955688,0.23959070444107056,0.5211400389671326,0.24282094836235046,3.23028564453125,3.4347991943359375,1,1,False,Fixation
20.776,0.5524616837501526,0.26712125539779663,0.5140637159347534,0.22889119386672974,0.533262699842453,0.24800622463226318,3.1605682373046875,3.4004974365234375,1,1,False,Fixation
20.793,0.5496166348457336,0.27298280596733093,0.5147905349731445,0.23256245255470276,0.5322035849094391,0.25277262926101685,3.1572418212890625,3.4249114990234375,1,1,False,Fixation
20.810,0.5492584705352783,0.28741493821144104,0.5219765305519104,0.2335072010755539,0.5356175005435944,0.26046106964349747,3.1412353515625,3.416046142578125,1,1,False,Fixation
20.826,0.554059624671936,0.28137463331222534,0.5126793384552002,0.22846461832523346,0.5333694815635681,0.2549196258187294,3.109954833984375,3.439727783203125,1,1,False,Fixation
20.843,0.5588055849075317,0.2697126269340515,0.5220348238945007,0.2171541154384613,0.5404202044010162,0.2434333711862564,3.1056060791015625,3.3981170654296875,1,1,False,Fixation
20.860,0.554496169090271,0.2770848572254181,0.5195794701576233,0.2166631817817688,0.5370378196239471,0.24687401950359344,3.0972137451171875,3.3970489501953125,1,1,False,Fixation
20.876,0.5487335920333862,0.250181645154953,0.5133301019668579,0.2321230173110962,0.5310318470001221,0.2411523312330246,3.094696044921875,3.3864593505859375,1,1,False,Fixation
20.893,0.546165943145752,0.2961200773715973,nan,nan,nan,nan,3.08673095703125,nan,1,0,False,Saccade
20.910,0.5094943642616272,0.3224843144416809,0.45655834674835205,0.27065804600715637,0.4830263555049896,0.29657118022441864,3.0933685302734375,3.323486328125,1,1,False,Saccade
20.926,0.49967584013938904,0.3155425190925598,0.45395275950431824,0.2720225751399994,0.47681429982185364,0.2937825471162796,3.0648651123046875,3.3399658203125,1,1,False,Fixation
20.943,0.49036073684692383,0.3212626874446869,0.450526624917984,0.25270646810531616,0.4704436808824539,0.2869845777750015,3.08221435546875,3.3299560546875,1,1,False,Fixation
20.960,0.4959258437156677,0.3301806151866913,0.45484140515327454,0.2545766234397888,0.47538362443447113,0.29237861931324005,3.0756988525390625,3.3462677001953125,1,1,False,Fixation
20.976,0.4970187246799469,0.3165988624095917,0.46322011947631836,0.2695919871330261,0.48011942207813263,0.2930954247713089,3.0947113037109375,3.395172119140625,1,1,False,Fixation
20.993,0.492971271276474,0.3083263635635376,0.4590438902378082,0.2618994116783142,0.4760075807571411,0.2851128876209259,3.1131134033203125,3.3877716064453125,1,1,False,Fixation
21.010,0.49589046835899353,0.3210158050060272,0.46526584029197693,0.2729083001613617,0.48057815432548523,0.29696205258369446,3.1201629638671875,3.39068603515625,1,1,False,Fixation
21.026,0.4996272921562195,0.31499969959259033,0.4620141088962555,0.2536088526248932,0.4808207005262375,0.28430427610874176,3.14654541015625,3.420166015625,1,1,False,Fixation
21.043,0.500145435333252,0.31715816259384155,0.46373507380485535,0.2505897581577301,0.48194025456905365,0.2838739603757858,3.1495208740234375,3.4286041259765625,1,1,False,Fixation
21.059,0.4991534352302551,0.30882638692855835,0.46512389183044434,0.2643098533153534,0.48213866353034973,0.28656812012195587,3.1457672119140625,3.4373931884765625,1,1,False,Fixation
21.076,0.49998939037323,0.3175831437110901,0.4674045443534851,0.24821776151657104,0.48369696736335754,0.28290045261383057,3.17413330078125,3.428466796875,1,1,False,Fixation
21.093,0.49650198221206665,0.3129435181617737,0.4641266167163849,0.25833800435066223,0.48031429946422577,0.28564076125621796,3.166168212890625,3.448577880859375,1,1,False,Fixation
21.109,0.49207133054733276,0.31265485286712646,0.4622518718242645,0.2493387758731842,0.47716160118579865,0.28099681437015533,3.1812591552734375,3.4713287353515625,1,1,False,Fixation
21.125,0.49852070212364197,0.3267728090286255,0.46072182059288025,0.2405974566936493,0.4796212613582611,0.2836851328611374,3.1699066162109375,3.4811553955078125,1,1,False,Fixation
21.143,0.5057255029678345,0.3289603292942047,nan,nan,nan,nan,3.2226715087890625,nan,1,0,False,Saccade
21.159,0.4982307255268097,0.3253636360168457,0.46043920516967773,0.2633919417858124,0.4793349653482437,0.29437778890132904,3.215667724609375,3.4876861572265625,1,1,False,Saccade
21.175,0.4987160563468933,0.3143758177757263,0.4623063802719116,0.25726965069770813,0.48051121830940247,0.2858227342367172,3.212799072265625,3.4797210693359375,1,1,False,Fixation
21.193,0.4773228168487549,0.3111933171749115,0.46224838495254517,0.25360774993896484,0.46978560090065,0.28240053355693817,3.284332275390625,3.4899444580078125,1,1,False,Fixation
21.209,0.4792007505893707,0.3309216797351837,0.4660407602787018,0.26858118176460266,0.47262075543403625,0.2997514307498932,3.287994384765625,3.50238037109375,1,1,False,Fixation
21.225,0.48311883211135864,0.32694417238235474,0.4773181676864624,0.267645001411438,0.4802184998989105,0.29729458689689636,3.279296875,3.5020751953125,1,1,False,Fixation
21.243,0.49545708298683167,0.31897690892219543,0.4758806526660919,0.2522285580635071,0.4856688678264618,0.28560273349285126,3.2451019287109375,3.5055389404296875,1,1,False,Fixation
21.259,0.49886777997016907,0.3173113465309143,0.47167739272117615,0.25713518261909485,0.4852725863456726,0.2872232645750046,3.2285614013671875,3.5223236083984375,1,1,False,Fixation
21.275,0.4993588924407959,0.31981706619262695,0.47028064727783203,0.26035934686660767,0.48481976985931396,0.2900882065296173,3.247894287109375,3.52044677734375,1,1,False,Fixation
21.292,0.49931901693344116,0.3294127285480499,0.4722805321216583,0.25947946310043335,0.48579977452754974,0.29444609582424164,3.2880706787109375,3.5225067138671875,1,1,False,Fixation
21.309,0.4800908863544464,0.3115707337856293,0.46240612864494324,0.25785014033317566,0.4712485074996948,0.28471043705940247,3.2031402587890625,3.53338623046875,1,1,False,Fixation
21.325,0.4848051369190216,0.3395106792449951,0.4627678394317627,0.24560412764549255,0.47378648817539215,0.29255740344524384,3.205963134765625,3.5333099365234375,1,1,False,Fixation
21.342,0.4985772669315338,0.3323362469673157,0.46736645698547363,0.24887938797473907,0.4829718619585037,0.2906078174710274,3.27978515625,3.5308074951171875,1,1,False,Fixation
21.359,0.4958377182483673,0.33467453718185425,0.46731215715408325,0.2599909007549286,0.4815749377012253,0.2973327189683914,3.2709197998046875,3.5438995361328125,1,1,False,Fixation
21.375,0.4806053936481476,0.2974333167076111,0.47195401787757874,0.2506304979324341,0.47627970576286316,0.2740319073200226,3.319061279296875,3.5325164794921875,1,1,False,Fixation
21.392,0.5004779696464539,0.29458120465278625,0.47285908460617065,0.25040075182914734,0.48666852712631226,0.2724909782409668,3.316864013671875,3.54339599609375,1,1,False,Fixation
21.409,0.5066205859184265,0.30666857957839966,0.4668429493904114,0.25762122869491577,0.48673176765441895,0.2821449041366577,3.32000732421875,3.5466461181640625,1,1,False,Fixation
21.425,0.5050039291381836,0.30987364053726196,0.46721556782722473,0.2649995982646942,0.48610974848270416,0.2874366194009781,3.31890869140625,3.5321502685546875,1,1,False,Fixation
21.442,0.4943402409553528,0.3190409541130066,0.4653424322605133,0.2582221031188965,0.47984133660793304,0.28863152861595154,3.29840087890625,3.5396881103515625,1,1,False,Fixation
21.459,0.48129740357398987,0.3223855197429657,0.468214750289917,0.2640495002269745,0.47475607693195343,0.2932175099849701,3.238555908203125,3.5391082763671875,1,1,False,Fixation
21.475,0.4865708351135254,0.3461278975009918,0.4686076045036316,0.2630021572113037,0.4775892198085785,0.30456502735614777,3.2302093505859375,3.5149078369140625,1,1,False,Fixation
21.492,0.49664756655693054,0.3442787230014801,0.467291921377182,0.2553040087223053,0.4819697439670563,0.2997913658618927,3.245147705078125,3.5342254638671875,1,1,False,Fixation
21.509,0.4953032433986664,0.3215731680393219,0.46859320998191833,0.2523645758628845,0.48194822669029236,0.2869688719511032,3.2130889892578125,3.5434417724609375,1,1,False,Fixation
21.525,0.49236035346984863,0.321402907371521,0.4668560028076172,0.23213258385658264,0.4796081781387329,0.2767677456140518,3.2235565185546875,3.53350830078125,1,1,False,Fixation
21.542,0.49686816334724426,0.33900803327560425,0.4667409360408783,0.23556745052337646,0.4818045496940613,0.28728774189949036,3.249603271484375,3.5210113525390625,1,1,False,Fixation
21.559,0.4997195303440094,0.33746665716171265,0.47239696979522705,0.26108506321907043,0.4860582500696182,0.29927586019039154,3.2078704833984375,3.5048980712890625,1,1,False,Fixation
21.575,0.4884986877441406,0.3407954275608063,0.475271999835968,0.26208338141441345,0.4818853437900543,0.30143940448760986,3.226776123046875,3.4813079833984375,1,1,False,Fixation
21.592,0.49283432960510254,0.33439669013023376,0.47212934494018555,0.2655145227909088,0.48248183727264404,0.2999556064605713,3.185882568359375,3.495513916015625,1,1,False,Fixation
21.609,0.494487464427948,0.3057268559932709,0.47387775778770447,0.2498471587896347,0.48418261110782623,0.2777870073914528,3.175445556640625,3.4772186279296875,1,1,False,Fixation
21.625,0.4937736988067627,0.32947999238967896,0.47563400864601135,0.254612535238266,0.484703853726387,0.2920462638139725,3.18060302734375,3.472259521484375,1,1,False,Fixation
21.642,0.49599114060401917,0.3393905460834503,0.47904831171035767,0.26398399472236633,0.4875197261571884,0.3016872704029083,3.1619110107421875,3.4611663818359375,1,1,False,Fixation
21.659,0.49462780356407166,0.3331783711910248,0.47199907898902893,0.2583920359611511,0.4833134412765503,0.29578520357608795,3.138946533203125,3.4378662109375,1,1,False,Fixation
21.675,0.492672860622406,0.3047533631324768,0.4735397398471832,0.2422935515642166,0.4831063002347946,0.2735234573483467,3.125885009765625,3.42449951171875,1,1,False,Fixation
21.692,0.49551090598106384,0.3213093876838684,0.4710649847984314,0.2443920224905014,0.4832879453897476,0.2828507050871849,3.1495819091796875,3.4021148681640625,1,1,False,Fixation
21.708,0.4951305687427521,0.34090498089790344,0.4732290208339691,0.2564883828163147,0.4841797947883606,0.29869668185710907,3.1419677734375,3.4156036376953125,1,1,False,Fixation
21.724,0.49886050820350647,0.33452120423316956,0.47506269812583923,0.26457738876342773,0.48696160316467285,0.29954929649829865,3.141204833984375,3.40228271484375,1,1,False,Fixation
21.742,0.5007656812667847,0.3366127610206604,0.4718204140663147,0.26330697536468506,0.4862930476665497,0.29995986819267273,3.1153717041015625,3.4053802490234375,1,1,False,Fixation
21.758,0.5008551478385925,0.3482678532600403,0.4712222218513489,0.2657278776168823,0.4860386848449707,0.3069978654384613,3.1132049560546875,3.4167022705078125,1,1,False,Fixation
21.774,0.4943595230579376,0.3311741352081299,0.4763864278793335,0.27261754870414734,0.48537297546863556,0.3018958419561386,3.1245880126953125,3.387115478515625,1,1,False,Fixation
21.792,0.49655768275260925,0.34384390711784363,0.47043031454086304,0.2588343918323517,0.48349399864673615,0.30133914947509766,3.1426239013671875,3.410064697265625,1,1,False,Fixation
21.808,0.49007365107536316,0.3392565846443176,0.4693054258823395,0.2533448338508606,0.4796895384788513,0.2963007092475891,3.141448974609375,3.4060821533203125,1,1,False,Fixation
21.824,0.49964025616645813,0.33536842465400696,0.4740120768547058,0.2609131634235382,0.48682616651058197,0.2981407940387726,3.14385986328125,3.3962249755859375,1,1,False,Fixation
21.842,0.4995320439338684,0.3371705710887909,0.47563549876213074,0.26776501536369324,0.4875837713479996,0.30246779322624207,3.1473541259765625,3.3935089111328125,1,1,False,Fixation
21.858,0.48973512649536133,0.3277750611305237,0.47491535544395447,0.27703720331192017,0.4823252409696579,0.3024061322212219,3.1467132568359375,3.40625,1,1,False,Fixation
21.874,0.48999419808387756,0.3331213593482971,0.4641338288784027,0.2591588497161865,0.47706401348114014,0.2961401045322418,3.1425628662109375,3.41815185546875,1,1,False,Fixation
21.891,0.4927263855934143,0.3245517313480377,0.4606544077396393,0.25635719299316406,0.4766903966665268,0.2904544621706009,3.12335205078125,3.411956787109375,1,1,False,Fixation
21.908,0.5440195202827454,0.39519059658050537,0.5010154247283936,0.31135445833206177,0.5225174725055695,0.35327252745628357,3.1205902099609375,3.4597625732421875,1,1,True,Fixation
21.924,0.683866560459137,0.71854168176651,0.6252638697624207,0.6405369639396667,0.6545652151107788,0.6795393228530884,3.1592864990234375,3.4783477783203125,1,1,False,Fixation
21.941,0.7116342186927795,0.832317590713501,0.6539064049720764,0.7531301379203796,0.682770311832428,0.7927238643169403,3.16876220703125,3.4379730224609375,1,1,False,Fixation
21.958,nan,nan,0.6805383563041687,0.8744263052940369,nan,nan,nan,3.488739013671875,0,1,False,Saccade
21.974,0.7410005331039429,1.088484764099121,0.6994071006774902,1.0327339172363281,0.7202038168907166,1.0606093406677246,3.1434173583984375,3.4658660888671875,1,1,False,Saccade
21.991,0.7302867770195007,1.0903552770614624,nan,nan,nan,nan,3.165374755859375,nan,1,0,False,Saccade
22.008,0.7301520109176636,1.0759214162826538,0.7036036252975464,1.0344473123550415,0.716877818107605,1.0551843643188477,3.1500396728515625,3.4467620849609375,1,1,False,Saccade
22.024,0.7360203266143799,1.0605216026306152,0.7042053937911987,1.02110755443573,0.7201128602027893,1.0408145785331726,3.1262359619140625,3.4554290771484375,1,1,False,Fixation
22.041,0.7317716479301453,1.0644382238388062,0.7017442584037781,1.0203728675842285,0.7167579531669617,1.0424055457115173,3.150421142578125,3.4427490234375,1,1,False,Fixation
22.058,nan,nan,nan,nan,nan,nan,nan,nan,0,0,False,Saccade
22.074,0.7426968812942505,1.0709937810897827,nan,nan,nan,nan,3.0700225830078125,nan,1,0,False,Saccade
22.091,nan,nan,nan,nan,nan,nan,nan,nan,0,0,False,Saccade
22.108,nan,nan,nan,nan,nan,nan,nan,nan,0,0,False,Saccade
22.124,nan,nan,nan,nan,nan,nan,nan,nan,0,0,False,Saccade
22.141,nan,nan,nan,nan,nan,nan,nan,nan,0,0,False,Saccade
22.158,nan,nan,nan,nan,nan,nan,nan,nan,0,0,False,Saccade
22.174,nan,nan,nan,nan,nan,nan,nan,nan,0,0,False,Saccade
22.191,nan,nan,nan,nan,nan,nan,nan,nan,0,0,False,Saccade
22.208,nan,nan,nan,nan,nan,nan,nan,nan,0,0,False,Saccade
22.224,nan,nan,nan,nan,nan,nan,nan,nan,0,0,False,Saccade
22.241,nan,nan,nan,nan,nan,nan,nan,nan,0,0,False,Saccade
22.257,nan,nan,nan,nan,nan,nan,nan,nan,0,0,False,Saccade
22.274,nan,nan,nan,nan,nan,nan,nan,nan,0,0,False,Saccade
22.291,nan,nan,nan,nan,nan,nan,nan,nan,0,0,False,Saccade
22.307,nan,nan,nan,nan,nan,nan,nan,nan,0,0,False,Saccade
22.324,nan,nan,nan,nan,nan,nan,nan,nan,0,0,False,Saccade
22.341,nan,nan,nan,nan,nan,nan,nan,nan,0,0,False,Saccade
22.357,nan,nan,nan,nan,nan,nan,nan,nan,0,0,False,Saccade
22.379,nan,nan,nan,nan,nan,nan,nan,nan,0,0,False,Saccade
22.395,nan,nan,nan,nan,nan,nan,nan,nan,0,0,False,Saccade
22.435,nan,nan,nan,nan,nan,nan,nan,nan,0,0,False,Saccade
22.452,-0.05719350278377533,0.8615429401397705,-0.10370944440364838,0.7493842244148254,-0.08045147359371185,0.805463582277298,4.146697998046875,4.5699920654296875,1,1,False,Saccade
22.469,-0.02792084589600563,0.8891323208808899,-0.08088377863168716,0.7725954055786133,-0.0544023122638464,0.8308638632297516,3.796112060546875,4.065704345703125,1,1,False,Fixation
22.485,0.010214559733867645,0.9609418511390686,-0.08622770756483078,0.8342092037200928,-0.03800657391548157,0.8975755274295807,3.30133056640625,3.6722869873046875,1,1,False,Fixation
22.502,0.002054921817034483,0.9542850255966187,-0.09512742608785629,0.8313533067703247,-0.046536252135410905,0.8928191661834717,3.3089599609375,3.680267333984375,1,1,False,Fixation
22.519,0.0025029771495610476,0.9567373991012573,-0.1010056808590889,0.8428393006324768,-0.049251351854763925,0.8997883498668671,3.3188323974609375,3.6721649169921875,1,1,False,Fixation
22.535,0.005715765990316868,0.9638187289237976,-0.10639575123786926,0.8544859886169434,-0.0503399926237762,0.9091523587703705,3.3341217041015625,3.6872100830078125,1,1,False,Fixation
22.552,0.004496739711612463,0.9588413238525391,-0.10824055969715118,0.8463687896728516,-0.05187190999276936,0.9026050567626953,3.3312835693359375,3.6926116943359375,1,1,False,Fixation
22.569,0.008483453653752804,0.9642926454544067,-0.1055070236325264,0.8488067388534546,-0.0485117849893868,0.9065496921539307,3.33709716796875,3.687774658203125,1,1,False,Fixation
22.585,0.007844550535082817,0.9774782061576843,-0.10766176134347916,0.8551080226898193,-0.04990860540419817,0.9162931144237518,3.343505859375,3.70166015625,1,1,False,Fixation
22.602,0.006924634799361229,0.9725530743598938,-0.11551197618246078,0.855287492275238,-0.05429367069154978,0.9139202833175659,3.351226806640625,3.7121124267578125,1,1,False,Fixation
22.619,0.007315452676266432,0.9765853881835938,-0.11368007212877274,0.8502504825592041,-0.05318230972625315,0.9134179353713989,3.364776611328125,3.713226318359375,1,1,False,Fixation
22.635,0.03979467228055,0.9625482559204102,-0.03400995954871178,0.8445488810539246,0.002892356365919113,0.9035485684871674,3.3765869140625,3.7371673583984375,1,1,False,Fixation
22.652,0.1476929634809494,0.9324497580528259,0.11516618728637695,0.8410010933876038,0.13142957538366318,0.8867254257202148,3.380157470703125,3.75341796875,1,1,False,Fixation
22.669,0.41731351613998413,0.8924130797386169,0.44016629457473755,0.8221678733825684,0.42873990535736084,0.8572904765605927,3.3712005615234375,3.75225830078125,1,1,False,Fixation
22.685,0.6376540660858154,0.9227120280265808,0.6153305768966675,0.8482186794281006,0.6264923214912415,0.8854653537273407,3.3933563232421875,3.747222900390625,1,1,False,Fixation
22.702,0.6716326475143433,0.930432140827179,0.6435777544975281,0.8702660202980042,0.6576052010059357,0.9003490805625916,3.4091949462890625,3.731597900390625,1,1,False,Fixation
22.719,0.670815110206604,0.9293943047523499,0.6543685793876648,0.876855731010437,0.6625918447971344,0.9031250178813934,3.4116668701171875,3.719268798828125,1,1,False,Fixation
22.735,0.6651549339294434,0.9390270113945007,0.6437756419181824,0.878642201423645,0.6544652879238129,0.9088346064090729,3.412322998046875,3.71173095703125,1,1,False,Fixation
22.752,0.6627337336540222,0.928227961063385,0.6403090357780457,0.8704462647438049,0.6515213847160339,0.899337112903595,3.4090728759765625,3.69805908203125,1,1,False,Fixation
22.769,0.6674703359603882,0.935236394405365,0.6388687491416931,0.879875898361206,0.6531695425510406,0.9075561463832855,3.432403564453125,3.698638916015625,1,1,False,Fixation
22.785,0.6707217693328857,0.9459240436553955,0.6351541876792908,0.8978975415229797,0.6529379785060883,0.9219107925891876,3.4569244384765625,3.6969451904296875,1,1,False,Fixation
22.802,0.6703895330429077,0.9449143409729004,0.6328520774841309,0.8864203095436096,0.6516208052635193,0.915667325258255,3.4191131591796875,3.6952362060546875,1,1,False,Fixation
22.819,0.6674757599830627,0.934825599193573,0.6399028897285461,0.8776371479034424,0.6536893248558044,0.9062313735485077,3.4043731689453125,3.6932525634765625,1,1,False,Fixation
22.835,0.667392909526825,0.9439536333084106,0.6349249482154846,0.8939429521560669,0.6511589288711548,0.9189482927322388,3.3941192626953125,3.6850128173828125,1,1,False,Fixation
22.852,0.66019207239151,0.930087149143219,0.6310945749282837,0.8847727179527283,0.6456433236598969,0.9074299335479736,3.386474609375,3.681060791015625,1,1,False,Fixation
22.868,0.6633132696151733,0.9394463300704956,0.6254091262817383,0.8817446827888489,0.6443611979484558,0.9105955064296722,3.386688232421875,3.6666717529296875,1,1,False,Fixation
22.884,0.6615885496139526,0.949794352054596,0.6267901062965393,0.8755595088005066,0.644189327955246,0.9126769304275513,3.384521484375,3.6556396484375,1,1,False,Fixation
22.901,0.6606599688529968,0.9462536573410034,0.6238766312599182,0.8776187896728516,0.6422683000564575,0.9119362235069275,3.3546142578125,3.6589813232421875,1,1,False,Fixation
22.918,0.6788046360015869,0.9411353468894958,0.6480931639671326,0.8918017148971558,0.6634488999843597,0.9164685308933258,3.37066650390625,3.6496429443359375,1,1,False,Fixation
22.934,0.7151615023612976,0.9364091753959656,0.6760362982749939,0.8812245726585388,0.6955989003181458,0.9088168740272522,3.374114990234375,3.6450653076171875,1,1,False,Fixation
22.951,0.7086743116378784,0.934039294719696,0.6762208342552185,0.8778992295265198,0.6924475729465485,0.9059692621231079,3.36614990234375,3.6382293701171875,1,1,False,Fixation
22.968,0.7198695540428162,0.9435819387435913,0.6735043525695801,0.8780449628829956,0.6966869533061981,0.9108134508132935,3.3782806396484375,3.6464996337890625,1,1,False,Fixation
22.984,0.7268736362457275,0.9298655390739441,0.670466959476471,0.8859365582466125,0.6986702978610992,0.9079010486602783,3.366729736328125,3.6469573974609375,1,1,False,Fixation
23.001,0.7228602766990662,0.9308444857597351,0.6740292906761169,0.8759886026382446,0.6984447836875916,0.9034165441989899,3.35577392578125,3.644683837890625,1,1,False,Fixation
23.018,0.718780517578125,0.9276382327079773,0.6825118064880371,0.8816998600959778,0.700646162033081,0.9046690464019775,3.3665008544921875,3.6451263427734375,1,1,False,Fixation
23.034,0.7183985114097595,0.9251790046691895,0.6760013699531555,0.8846092224121094,0.6971999406814575,0.9048941135406494,3.3718414306640625,3.639801025390625,1,1,False,Fixation
23.051,0.7183845639228821,0.9310059547424316,0.6776828765869141,0.8877489566802979,0.6980337202548981,0.9093774557113647,3.3910369873046875,3.6380157470703125,1,1,False,Fixation
23.068,0.7204460501670837,0.9305270314216614,0.679377555847168,0.8910953402519226,0.6999118030071259,0.910811185836792,3.39312744140625,3.6436767578125,1,1,False,Fixation
23.084,0.7166098356246948,0.9280737638473511,0.6833661198616028,0.8971093893051147,0.6999879777431488,0.9125915765762329,3.3886566162109375,3.64337158203125,1,1,False,Fixation
23.101,0.7207741141319275,0.9331945776939392,0.682609498500824,0.8903796076774597,0.7016918063163757,0.9117870926856995,3.396881103515625,3.6517181396484375,1,1,False,Fixation
23.118,0.7181471586227417,0.9244093298912048,0.6846500039100647,0.861370325088501,0.7013985812664032,0.8928898274898529,3.378082275390625,3.65277099609375,1,1,False,Fixation
23.134,0.7195972204208374,0.9289673566818237,0.680515706539154,0.8636565208435059,0.7000564634799957,0.8963119387626648,3.3787994384765625,3.642181396484375,1,1,False,Fixation
23.151,0.7193898558616638,0.9351879954338074,0.6858958005905151,0.8884323835372925,0.7026428282260895,0.9118101894855499,3.41302490234375,3.6343994140625,1,1,False,Fixation
23.168,0.7086777687072754,0.9301250576972961,0.6897256970405579,0.8946601152420044,0.6992017328739166,0.9123925864696503,3.3917999267578125,3.6397247314453125,1,1,False,Fixation
23.184,0.7142025828361511,0.924314022064209,0.6838919520378113,0.9009221196174622,0.6990472674369812,0.9126180708408356,3.362762451171875,3.6359710693359375,1,1,False,Fixation
23.201,0.7148236632347107,0.935292661190033,0.6792290210723877,0.9032419919967651,0.6970263421535492,0.919267326593399,3.3768768310546875,3.6298370361328125,1,1,False,Fixation
23.218,0.7211334705352783,0.9359731674194336,0.6846990585327148,0.8940778970718384,0.7029162645339966,0.915025532245636,3.3881072998046875,3.6432952880859375,1,1,False,Fixation
23.234,0.7198904752731323,0.9374182224273682,0.68199223279953,0.8973087668418884,0.7009413540363312,0.9173634946346283,3.3871002197265625,3.6483612060546875,1,1,False,Fixation
23.251,0.7228432297706604,0.9290747046470642,0.6846631169319153,0.898958683013916,0.7037531733512878,0.9140166938304901,3.3738250732421875,3.629974365234375,1,1,False,Fixation
23.268,0.7168819308280945,0.924800455570221,0.6835755109786987,0.8859875798225403,0.7002287209033966,0.9053940176963806,3.3539581298828125,3.6262054443359375,1,1,False,Fixation
23.284,0.7207739949226379,0.9330410957336426,0.6854732632637024,0.8908253908157349,0.7031236290931702,0.9119332432746887,3.3419342041015625,3.624847412109375,1,1,False,Fixation
23.301,0.7170728445053101,0.9393395185470581,0.685876190662384,0.889583945274353,0.701474517583847,0.9144617319107056,3.3508453369140625,3.6175689697265625,1,1,False,Fixation
23.318,0.7171751856803894,0.9353997111320496,0.6851492524147034,0.8885694742202759,0.7011622190475464,0.9119845926761627,3.34185791015625,3.609527587890625,1,1,False,Fixation
23.334,0.716100811958313,0.9318767786026001,0.6764087080955505,0.8970292806625366,0.6962547600269318,0.9144530296325684,3.339630126953125,3.602386474609375,1,1,False,Fixation
23.351,0.7123488187789917,0.9356661438941956,0.6764742732048035,0.898236095905304,0.6944115459918976,0.9169511198997498,3.353790283203125,3.6058807373046875,1,1,False,Fixation
23.368,0.712546169757843,0.9302363991737366,0.6787334680557251,0.9000157713890076,0.6956398189067841,0.9151260852813721,3.3517303466796875,3.5991973876953125,1,1,False,Fixation
23.384,0.7118006944656372,0.9318639039993286,0.6851363182067871,0.8952250480651855,0.6984685063362122,0.9135444760322571,3.3333740234375,3.58685302734375,1,1,False,Fixation
23.401,0.7141079902648926,0.9351373910903931,0.6881875991821289,0.8987488150596619,0.7011477947235107,0.9169431030750275,3.3520965576171875,3.587646484375,1,1,False,Fixation
23.418,0.7117217779159546,0.9344459176063538,0.6843412518501282,0.8955985307693481,0.6980315148830414,0.915022224187851,3.3513336181640625,3.5778656005859375,1,1,False,Fixation
23.434,0.716620922088623,0.9350606203079224,0.6901004314422607,0.8962088823318481,0.7033606767654419,0.9156347513198853,3.31610107421875,3.5713958740234375,1,1,False,Fixation
23.451,0.7183277010917664,0.945980429649353,0.6861055493354797,0.8940548896789551,0.702216625213623,0.920017659664154,3.3240966796875,3.5681610107421875,1,1,False,Fixation
23.467,0.7211840152740479,0.9542422294616699,0.6807028651237488,0.8947144150733948,0.7009434401988983,0.9244783222675323,3.325592041015625,3.5640411376953125,1,1,False,Fixation
23.483,0.7186646461486816,0.9460565447807312,0.6774150729179382,0.8908080458641052,0.6980398595333099,0.9184322953224182,3.3199310302734375,3.5529937744140625,1,1,False,Fixation
23.501,0.7184578776359558,0.9361855387687683,0.6812083125114441,0.8956875205039978,0.6998330950737,0.9159365296363831,3.2930450439453125,3.541534423828125,1,1,False,Fixation
23.517,0.7214829325675964,0.9402153491973877,0.6829561591148376,0.9076856374740601,0.702219545841217,0.9239504933357239,3.30548095703125,3.5435791015625,1,1,False,Fixation
23.533,0.7262876033782959,0.934700608253479,0.6860077977180481,0.8907895088195801,0.706147700548172,0.9127450585365295,3.2837066650390625,3.531829833984375,1,1,False,Fixation
23.551,0.7208219170570374,0.9370442032814026,0.6867700219154358,0.8965420722961426,0.7037959694862366,0.9167931377887726,3.2792816162109375,3.5349273681640625,1,1,False,Fixation
23.567,0.7176445126533508,0.9406206011772156,0.6867847442626953,0.905820906162262,0.7022146284580231,0.9232207536697388,3.28350830078125,3.5189361572265625,1,1,False,Fixation
23.583,0.7192419767379761,0.9261431694030762,0.6843982338905334,0.904045820236206,0.7018201053142548,0.9150944948196411,3.282867431640625,3.514190673828125,1,1,False,Fixation
23.601,0.7159702181816101,0.9361352324485779,0.6802824139595032,0.9042486548423767,0.6981263160705566,0.9201919436454773,3.2851409912109375,3.5230865478515625,1,1,False,Fixation
23.617,0.7231307625770569,0.9475840926170349,0.6882541179656982,0.9150570631027222,0.7056924402713776,0.9313205778598785,3.300567626953125,3.526092529296875,1,1,False,Fixation
23.633,0.7226743698120117,0.9395023584365845,0.68513023853302,0.9049811363220215,0.7039023041725159,0.922241747379303,3.286590576171875,3.507568359375,1,1,False,Fixation
23.650,0.7129528522491455,0.9366177320480347,0.6841866374015808,0.9028411507606506,0.6985697448253632,0.9197294414043427,3.2716064453125,3.5179290771484375,1,1,False,Fixation
23.667,0.7186316847801208,0.9397538900375366,0.6835179924964905,0.895842432975769,0.7010748386383057,0.9177981615066528,3.2808380126953125,3.5219268798828125,1,1,False,Fixation
23.683,0.7158052325248718,0.9545088410377502,0.6820699572563171,0.9043461084365845,0.6989375948905945,0.9294274747371674,3.2811126708984375,3.50738525390625,1,1,False,Fixation
23.700,0.7082751989364624,0.9536450505256653,0.6831010580062866,0.8959614038467407,0.6956881284713745,0.924803227186203,3.271759033203125,3.496368408203125,1,1,False,Fixation
23.717,0.7146472930908203,0.9484536051750183,0.6805325150489807,0.9093555212020874,0.6975899040699005,0.9289045631885529,3.293731689453125,3.4967803955078125,1,1,False,Fixation
23.733,0.7197889685630798,0.9436793327331543,0.683655858039856,0.9097552299499512,0.7017224133014679,0.9267172813415527,3.2821502685546875,3.497894287109375,1,1,False,Fixation
23.750,0.7142312526702881,0.943233072757721,0.6816803216934204,0.9073654413223267,0.6979557871818542,0.9252992570400238,3.273712158203125,3.49627685546875,1,1,False,Fixation
23.767,0.717579185962677,0.9377421140670776,0.6863006353378296,0.9067065715789795,0.7019399106502533,0.9222243428230286,3.2905120849609375,3.497589111328125,1,1,False,Fixation
23.783,0.7213453650474548,0.940243661403656,0.6847831010818481,0.9051851034164429,0.7030642330646515,0.9227143824100494,3.2760467529296875,3.4909515380859375,1,1,False,Fixation
23.800,0.7176584005355835,0.9345899224281311,0.6880654692649841,0.8992432951927185,0.7028619349002838,0.9169166088104248,3.2698516845703125,3.488067626953125,1,1,False,Fixation
23.817,0.7203643918037415,0.9337913393974304,0.684981107711792,0.9122322201728821,0.7026727497577667,0.9230117797851562,3.2894134521484375,3.4986114501953125,1,1,False,Fixation
23.833,0.7197737693786621,0.9561113119125366,0.6838125586509705,0.9070910215377808,0.7017931640148163,0.9316011667251587,3.30572509765625,3.51422119140625,1,1,False,Fixation
23.850,0.7191636562347412,0.9494876861572266,0.6853667497634888,0.9204115867614746,0.702265202999115,0.9349496364593506,3.302276611328125,3.510101318359375,1,1,False,Fixation
23.867,nan,nan,nan,nan,nan,nan,nan,nan,0,0,False,Saccade
23.883,nan,nan,nan,nan,nan,nan,nan,nan,0,0,False,Saccade
23.900,nan,nan,nan,nan,nan,nan,nan,nan,0,0,False,Saccade
23.917,0.7344184517860413,0.954142689704895,0.6992270350456238,0.8971152305603027,0.7168227434158325,0.9256289601325989,3.4295501708984375,3.650543212890625,1,1,False,Saccade
23.933,0.7126436829566956,0.9589074850082397,0.6871002912521362,0.9210940003395081,0.6998719871044159,0.9400007426738739,3.33258056640625,3.5412750244140625,1,1,False,Fixation
23.950,0.7175374031066895,0.9635577201843262,0.6847731471061707,0.9235051870346069,0.70115527510643,0.9435314536094666,3.3348388671875,3.5517120361328125,1,1,False,Fixation
23.967,0.7260317206382751,0.9738737940788269,0.6838705539703369,0.9448575377464294,0.704951137304306,0.9593656659126282,3.357269287109375,3.562469482421875,1,1,False,Fixation
23.983,0.7258968353271484,0.9924772381782532,0.6870648860931396,0.9457858800888062,0.706480860710144,0.9691315591335297,3.3722991943359375,3.5584564208984375,1,1,False,Fixation
24.000,nan,nan,nan,nan,nan,nan,nan,nan,0,0,False,Saccade
24.017,nan,nan,nan,nan,nan,nan,nan,nan,0,0,False,Saccade
24.033,nan,nan,nan,nan,nan,nan,nan,nan,0,0,False,Saccade
24.050,nan,nan,nan,nan,nan,nan,nan,nan,0,0,False,Saccade
24.067,nan,nan,nan,nan,nan,nan,nan,nan,0,0,False,Saccade
24.082,nan,nan,nan,nan,nan,nan,nan,nan,0,0,False,Saccade
24.100,nan,nan,nan,nan,nan,nan,nan,nan,0,0,False,Saccade
24.116,nan,nan,nan,nan,nan,nan,nan,nan,0,0,False,Saccade
24.132,nan,nan,nan,nan,nan,nan,nan,nan,0,0,False,Saccade
24.150,nan,nan,nan,nan,nan,nan,nan,nan,0,0,False,Saccade
24.166,nan,nan,nan,nan,nan,nan,nan,nan,0,0,False,Saccade
24.182,nan,nan,nan,nan,nan,nan,nan,nan,0,0,False,Saccade
24.199,nan,nan,nan,nan,nan,nan,nan,nan,0,0,False,Saccade
24.216,nan,nan,nan,nan,nan,nan,nan,nan,0,0,False,Saccade
24.232,nan,nan,nan,nan,nan,nan,nan,nan,0,0,False,Saccade
24.249,nan,nan,nan,nan,nan,nan,nan,nan,0,0,False,Saccade
24.288,nan,nan,nan,nan,nan,nan,nan,nan,0,0,False,Saccade
24.305,nan,nan,nan,nan,nan,nan,nan,nan,0,0,False,Saccade
24.345,nan,nan,nan,nan,nan,nan,nan,nan,0,0,False,Saccade
24.362,nan,nan,nan,nan,nan,nan,nan,nan,0,0,False,Saccade
24.379,nan,nan,nan,nan,nan,nan,nan,nan,0,0,False,Saccade
24.395,nan,nan,nan,nan,nan,nan,nan,nan,0,0,False,Saccade
24.412,nan,nan,nan,nan,nan,nan,nan,nan,0,0,False,Saccade
24.428,nan,nan,nan,nan,nan,nan,nan,nan,0,0,False,Saccade
24.445,nan,nan,nan,nan,nan,nan,nan,nan,0,0,False,Saccade
24.462,nan,nan,nan,nan,nan,nan,nan,nan,0,0,False,Saccade
24.478,nan,nan,nan,nan,nan,nan,nan,nan,0,0,False,Saccade
24.494,nan,nan,nan,nan,nan,nan,nan,nan,0,0,False,Saccade
24.512,0.817998468875885,0.25325772166252136,0.7911981344223022,0.1732545644044876,0.8045983016490936,0.21325614303350449,4.1664276123046875,4.501953125,1,1,False,Saccade
24.528,0.6598508954048157,0.20825719833374023,0.5807816386222839,0.12947309017181396,0.6203162670135498,0.1688651442527771,4.1476593017578125,4.4318695068359375,1,1,False,Fixation
24.544,0.5685592889785767,0.43199822306632996,0.5093868970870972,0.3319430351257324,0.5389730930328369,0.3819706290960312,3.52398681640625,3.8668060302734375,1,1,False,Fixation
24.562,0.5939419269561768,0.4859471917152405,0.5563604235649109,0.4342395067214966,0.5751511752605438,0.46009334921836853,3.348480224609375,3.5882110595703125,1,1,False,Fixation
24.578,0.5950452089309692,0.48690828680992126,0.5574497580528259,0.42445608973503113,0.5762474834918976,0.4556821882724762,3.3387451171875,3.5631561279296875,1,1,False,Fixation
24.594,0.5947232246398926,0.4804824888706207,0.55699223279953,0.4288747012615204,0.5758577287197113,0.45467859506607056,3.3230438232421875,3.562957763671875,1,1,False,Fixation
24.612,0.5961037874221802,0.48319345712661743,0.5576973557472229,0.42382389307022095,0.5769005715847015,0.4535086750984192,3.3096923828125,3.548309326171875,1,1,False,Fixation
24.628,0.5961070656776428,0.4864633083343506,0.5590221881866455,0.4239545464515686,0.5775646269321442,0.4552089273929596,3.311431884765625,3.5478515625,1,1,False,Fixation
24.644,0.5967311263084412,0.48709413409233093,0.5641065835952759,0.4225466251373291,0.5804188549518585,0.45482037961483,3.2998809814453125,3.5404205322265625,1,1,False,Fixation
24.661,nan,nan,nan,nan,nan,nan,nan,nan,0,0,False,Saccade
24.677,nan,nan,nan,nan,nan,nan,nan,nan,0,0,False,Saccade
24.694,nan,nan,nan,nan,nan,nan,nan,nan,0,0,False,Saccade
24.711,nan,nan,nan,nan,nan,nan,nan,nan,0,0,False,Saccade
24.727,nan,nan,0.5637497305870056,0.42179882526397705,nan,nan,nan,3.6376953125,0,1,False,Saccade
24.744,0.6004690527915955,0.5067328214645386,0.56031334400177,0.4125250577926636,0.5803911983966827,0.4596289396286011,3.2879791259765625,3.5118255615234375,1,1,False,Saccade
24.761,0.5963927507400513,0.4928189814090729,0.5559096932411194,0.4184110760688782,0.5761512219905853,0.4556150287389755,3.2842864990234375,3.5074615478515625,1,1,False,Fixation
24.777,0.5957453846931458,0.48509082198143005,0.5602800250053406,0.41793063282966614,0.5780127048492432,0.4515107274055481,3.2769012451171875,3.496978759765625,1,1,False,Fixation
24.794,0.5978230237960815,0.48789671063423157,0.5584211945533752,0.4180055558681488,0.5781221091747284,0.4529511332511902,3.2878875732421875,3.4908599853515625,1,1,False,Fixation
24.811,0.5814302563667297,0.49292925000190735,0.5491056442260742,0.4097064137458801,0.565267950296402,0.45131783187389374,3.2951202392578125,3.48907470703125,1,1,False,Fixation
24.827,0.5730909109115601,0.4877084791660309,0.5359153151512146,0.40082454681396484,0.5545031130313873,0.44426651298999786,3.2904052734375,3.4973602294921875,1,1,False,Fixation
24.844,0.5710119009017944,0.48874256014823914,0.5295506715774536,0.40802937746047974,0.550281286239624,0.44838596880435944,3.29559326171875,3.5107421875,1,1,False,Fixation
24.861,0.5737251043319702,0.4704926311969757,0.531074047088623,0.40855467319488525,0.5523995757102966,0.4395236521959305,3.2871856689453125,3.5100555419921875,1,1,False,Fixation
24.877,0.5715498328208923,0.47122901678085327,0.5309915542602539,0.4008011817932129,0.5512706935405731,0.4360150992870331,3.2842864990234375,3.50970458984375,1,1,False,Fixation
24.894,0.5735505819320679,0.47164592146873474,0.5315961837768555,0.4056634306907654,0.5525733828544617,0.43865467607975006,3.274017333984375,3.51470947265625,1,1,False,Fixation
24.911,0.5714837908744812,0.4787750542163849,0.5344697833061218,0.4118066132068634,0.5529767870903015,0.44529083371162415,3.27099609375,3.515899658203125,1,1,False,Fixation
24.927,0.5767067670822144,0.48547667264938354,0.534381091594696,0.40503934025764465,0.5555439293384552,0.4452580064535141,3.2827606201171875,3.515655517578125,1,1,False,Fixation
24.944,0.5704671144485474,0.47830548882484436,0.5353658199310303,0.4067878723144531,0.5529164671897888,0.44254668056964874,3.2866668701171875,3.51824951171875,1,1,False,Fixation
24.961,0.5737046003341675,0.4716150164604187,0.540081799030304,0.4106336534023285,0.5568931996822357,0.4411243349313736,3.26312255859375,3.512542724609375,1,1,False,Fixation
24.977,0.5731815695762634,0.4862044155597687,0.5396137833595276,0.41186219453811646,0.5563976764678955,0.44903330504894257,3.2786865234375,3.515106201171875,1,1,False,Fixation
24.993,0.576638400554657,0.48575833439826965,0.5376303195953369,0.412942111492157,0.557134360074997,0.4493502229452133,3.2807769775390625,3.521942138671875,1,1,False,Fixation
25.010,0.5730788111686707,0.4928128719329834,0.5357951521873474,0.40337246656417847,0.554436981678009,0.44809266924858093,3.275146484375,3.53021240234375,1,1,False,Fixation
25.027,0.5777301788330078,0.4895542860031128,0.5349152684211731,0.40897953510284424,0.5563227236270905,0.4492669105529785,3.2889862060546875,3.528289794921875,1,1,False,Fixation
25.043,0.5778948664665222,0.4961698651313782,0.5363200902938843,0.4068742096424103,0.5571074783802032,0.4515220373868942,3.2933807373046875,3.5371551513671875,1,1,False,Fixation
25.060,0.5689401626586914,0.4776689112186432,0.5352579951286316,0.4046670198440552,0.5520990788936615,0.4411679655313492,3.3028411865234375,3.5455474853515625,1,1,False,Fixation
25.077,0.5706944465637207,0.47634032368659973,0.5365192294120789,0.40469256043434143,0.5536068379878998,0.4405164420604706,3.2991180419921875,3.550079345703125,1,1,False,Fixation
25.093,0.5738838315010071,0.4817156493663788,0.534371554851532,0.4118199646472931,0.5541276931762695,0.44676780700683594,3.3011474609375,3.5538787841796875,1,1,False,Fixation
25.110,0.5734867453575134,0.48062896728515625,0.5358698964118958,0.4179374575614929,0.5546783208847046,0.4492832124233246,3.3112335205078125,3.5564422607421875,1,1,False,Fixation
25.127,0.5692616105079651,0.4796113967895508,0.5337405204772949,0.41288018226623535,0.55150106549263,0.44624578952789307,3.3147125244140625,3.5529632568359375,1,1,False,Fixation
25.143,0.5715567469596863,0.479085236787796,0.535857617855072,0.42252084612846375,0.5537071824073792,0.4508030414581299,3.3162841796875,3.5712890625,1,1,False,Fixation
25.160,0.5691214203834534,0.4820871949195862,0.5304070115089417,0.4036564230918884,0.5497642159461975,0.4428718090057373,3.3110809326171875,3.563507080078125,1,1,False,Fixation
25.177,0.5749506950378418,0.48203983902931213,0.5370307564735413,0.4143237769603729,0.5559907257556915,0.44818180799484253,3.32025146484375,3.5784759521484375,1,1,False,Fixation
25.193,0.6855261325836182,0.6631526947021484,0.6356763243675232,0.6128349304199219,0.6606012284755707,0.6379938125610352,3.33929443359375,3.5897979736328125,1,1,False,Fixation
25.210,0.7332316040992737,0.8313131928443909,0.6830471158027649,0.7583616971969604,0.7081393599510193,0.7948374450206757,3.332733154296875,3.5830535888671875,1,1,False,Fixation
25.227,0.7285392880439758,0.9629234075546265,0.6916050314903259,0.9111127257347107,0.7100721597671509,0.9370180666446686,3.33953857421875,3.5936279296875,1,1,False,Fixation
25.243,0.7208098769187927,0.9657355546951294,0.6845642924308777,0.9187946319580078,0.7026870846748352,0.9422650933265686,3.314483642578125,3.5882720947265625,1,1,False,Fixation
25.260,0.7204217314720154,0.9595460295677185,0.6873666048049927,0.9255035519599915,0.703894168138504,0.942524790763855,3.3282012939453125,3.590850830078125,1,1,False,Fixation
25.277,0.7159184217453003,0.963180422782898,0.6901332139968872,0.9109707474708557,0.7030258178710938,0.9370755851268768,3.3264617919921875,3.597564697265625,1,1,False,Fixation
25.293,0.718752920627594,0.9570964574813843,0.6902927160263062,0.9136664867401123,0.7045228183269501,0.9353814721107483,3.333526611328125,3.5932464599609375,1,1,False,Fixation
25.310,0.7149890661239624,0.9580039978027344,0.6875115633010864,0.901766300201416,0.7012503147125244,0.9298851490020752,3.35009765625,3.59747314453125,1,1,False,Fixation
25.326,0.711803138256073,0.9601695537567139,0.6883887648582458,0.9060867428779602,0.7000959515571594,0.933128148317337,3.3502197265625,3.59893798828125,1,1,False,Fixation
25.343,0.715579092502594,0.9578810930252075,0.6902251839637756,0.9118030667304993,0.7029021382331848,0.9348420798778534,3.34222412109375,3.5951385498046875,1,1,False,Fixation
25.360,nan,nan,nan,nan,nan,nan,nan,nan,0,0,False,Saccade
25.376,nan,nan,nan,nan,nan,nan,nan,nan,0,0,False,Saccade
25.393,nan,nan,nan,nan,nan,nan,nan,nan,0,0,False,Saccade
25.410,0.7160558700561523,0.9717462658882141,0.6884583234786987,0.9237000942230225,0.7022570967674255,0.9477231800556183,3.4393463134765625,3.65087890625,1,1,False,Saccade
25.426,0.7157288193702698,0.964952290058136,0.6904124617576599,0.9084991812705994,0.7030706405639648,0.9367257356643677,3.37750244140625,3.60089111328125,1,1,False,Fixation
25.443,nan,nan,nan,nan,nan,nan,nan,nan,0,0,False,Saccade
25.459,nan,nan,nan,nan,nan,nan,nan,nan,0,0,False,Saccade
25.476,nan,nan,nan,nan,nan,nan,nan,nan,0,0,False,Saccade
25.493,nan,nan,nan,nan,nan,nan,nan,nan,0,0,False,Saccade
25.509,nan,nan,nan,nan,nan,nan,nan,nan,0,0,False,Saccade
25.526,0.7458510398864746,0.9840014576911926,0.7177914977073669,0.9613425135612488,0.7318212687969208,0.9726719856262207,3.4858551025390625,3.6808624267578125,1,1,False,Saccade
25.543,0.7519513368606567,0.9670869708061218,0.7167375683784485,0.9368128180503845,0.7343444526195526,0.9519498944282532,3.3756103515625,3.6118621826171875,1,1,False,Fixation
25.559,0.7509533166885376,0.9854806065559387,0.7147010564804077,0.9259886145591736,0.7328271865844727,0.9557346105575562,3.37567138671875,3.6087493896484375,1,1,False,Fixation
25.576,0.7511343955993652,0.9739079475402832,0.7143214344978333,0.9303814768791199,0.7327279150485992,0.9521447122097015,3.3811492919921875,3.61383056640625,1,1,False,Fixation
25.593,0.7492862939834595,0.9709461331367493,0.709718644618988,0.9296953678131104,0.7295024693012238,0.9503207504749298,3.373687744140625,3.613922119140625,1,1,False,Fixation
25.609,0.7468439340591431,0.9645178318023682,0.7095230221748352,0.9309184551239014,0.7281834781169891,0.9477181434631348,3.383880615234375,3.6241302490234375,1,1,False,Fixation
25.626,0.7479270100593567,0.9666257500648499,0.7109725475311279,0.9329544901847839,0.7294497787952423,0.9497901201248169,3.3780364990234375,3.6287994384765625,1,1,False,Fixation
25.642,0.7496433854103088,0.9709585309028625,0.7145017385482788,0.9351558089256287,0.7320725619792938,0.9530571699142456,3.3717041015625,3.6192626953125,1,1,False,Fixation
25.659,0.7510702013969421,0.9739253520965576,0.7114431858062744,0.9342122673988342,0.7312566936016083,0.9540688097476959,3.389801025390625,3.6215972900390625,1,1,False,Fixation
25.676,0.7532157897949219,0.974468469619751,0.7101286053657532,0.9318162798881531,0.7316721975803375,0.953142374753952,3.388946533203125,3.6167755126953125,1,1,False,Fixation
25.692,0.7531741857528687,0.9772793054580688,0.7089163661003113,0.9307355284690857,0.73104527592659,0.9540074169635773,3.39013671875,3.625152587890625,1,1,False,Fixation
25.709,0.749995231628418,0.970896303653717,0.7132515907287598,0.938230574131012,0.7316234111785889,0.9545634388923645,3.38214111328125,3.6193389892578125,1,1,False,Fixation
25.726,0.7516723871231079,0.9679147005081177,0.7089241147041321,0.9358332753181458,0.73029825091362,0.9518739879131317,3.3894195556640625,3.621612548828125,1,1,False,Fixation
25.742,0.7472608685493469,0.9740453362464905,0.7089557647705078,0.9365611672401428,0.7281083166599274,0.9553032517433167,3.3893585205078125,3.62060546875,1,1,False,Fixation
25.759,0.7468968033790588,0.9572393894195557,0.711360514163971,0.9389325380325317,0.7291286587715149,0.9480859637260437,3.376678466796875,3.6195220947265625,1,1,False,Fixation
25.776,0.752637505531311,0.9652531147003174,0.7113758325576782,0.9274449348449707,0.7320066690444946,0.946349024772644,3.376953125,3.6209259033203125,1,1,False,Fixation
25.792,0.7518627643585205,0.9612163305282593,0.7110980749130249,0.923566460609436,0.7314804196357727,0.9423913955688477,3.3826751708984375,3.6124114990234375,1,1,False,Fixation
25.809,0.7538939714431763,0.9615190029144287,0.7082558274269104,0.9317306876182556,0.7310748994350433,0.9466248452663422,3.37750244140625,3.60821533203125,1,1,False,Fixation
25.826,0.7536880373954773,0.9564550518989563,0.710062563419342,0.9270896911621094,0.7318753004074097,0.9417723715305328,3.3757476806640625,3.6060028076171875,1,1,False,Fixation
25.842,0.7518800497055054,0.9662866592407227,0.7116577625274658,0.9330745935440063,0.7317689061164856,0.9496806263923645,3.36846923828125,3.6065521240234375,1,1,False,Fixation
25.859,0.7535322904586792,0.9733279347419739,0.711432695388794,0.9362049698829651,0.7324824929237366,0.9547664523124695,3.35986328125,3.601043701171875,1,1,False,Fixation
25.876,0.7515426874160767,0.9669129252433777,0.709027886390686,0.9258954524993896,0.7302852869033813,0.9464041888713837,3.3555145263671875,3.58917236328125,1,1,False,Fixation
25.892,0.7456670999526978,0.9605535864830017,0.7065859436988831,0.9299889802932739,0.7261265218257904,0.9452712833881378,3.3599700927734375,3.585205078125,1,1,False,Fixation
25.909,0.7528694868087769,0.9625176191329956,0.7087960839271545,0.9260513186454773,0.7308327853679657,0.9442844688892365,3.338165283203125,3.58697509765625,1,1,False,Fixation
25.925,0.7524502873420715,0.9666260480880737,0.7054359912872314,0.9262253642082214,0.7289431393146515,0.9464257061481476,3.3238525390625,3.5855560302734375,1,1,False,Fixation
25.942,0.7506027817726135,0.968601644039154,0.7095442414283752,0.9369174242019653,0.7300735116004944,0.9527595341205597,3.323974609375,3.57977294921875,1,1,False,Fixation
25.959,0.7454316020011902,0.982288658618927,0.7078201770782471,0.9246141314506531,0.7266258895397186,0.95345139503479,3.3226776123046875,3.5833587646484375,1,1,False,Fixation
25.975,0.7459346652030945,0.9665176272392273,0.7036087512969971,0.9249715805053711,0.7247717082500458,0.9457446038722992,3.312347412109375,3.5758056640625,1,1,False,Fixation
25.992,0.7509210705757141,0.9640125036239624,0.7081959843635559,0.9269723892211914,0.729558527469635,0.9454924464225769,3.3059539794921875,3.5792999267578125,1,1,False,Fixation
26.009,0.7476820945739746,0.9644914865493774,0.7026413083076477,0.9354560971260071,0.7251617014408112,0.9499737918376923,3.2934722900390625,3.5775909423828125,1,1,False,Fixation
26.025,0.7466297745704651,0.9657288789749146,0.7043290734291077,0.9317978620529175,0.7254794239997864,0.948763370513916,3.2919769287109375,3.5801544189453125,1,1,False,Fixation
26.042,0.7427370548248291,0.9688479900360107,0.7076999545097351,0.931286096572876,0.7252185046672821,0.9500670433044434,3.3048553466796875,3.55975341796875,1,1,False,Fixation
26.058,0.74909508228302,0.9695606827735901,0.7077428102493286,0.9343377351760864,0.7284189462661743,0.9519492089748383,3.2774810791015625,3.56036376953125,1,1,False,Fixation
26.075,0.7448697686195374,0.9791345000267029,0.7075172066688538,0.9359873533248901,0.7261934876441956,0.9575609266757965,3.248382568359375,3.5312042236328125,1,1,False,Fixation
26.092,0.7496560215950012,0.9767312407493591,0.7072494029998779,0.9302331209182739,0.7284527122974396,0.9534821808338165,3.225341796875,3.4916229248046875,1,1,False,Fixation
26.108,0.7488816380500793,0.9708493947982788,0.7064108848571777,0.9351540207862854,0.7276462614536285,0.9530017077922821,3.207611083984375,3.4682464599609375,1,1,False,Fixation
26.125,0.7488917708396912,0.9556423425674438,0.7047935724258423,0.9326282739639282,0.7268426716327667,0.944135308265686,3.161468505859375,3.4112701416015625,1,1,False,Fixation
26.142,0.7551079988479614,0.9614213705062866,0.7098390460014343,0.926853358745575,0.7324735224246979,0.9441373646259308,3.108673095703125,3.356292724609375,1,1,False,Fixation
26.158,0.7508652806282043,0.9527984857559204,0.711475670337677,0.9275062084197998,0.7311704754829407,0.9401523470878601,3.08233642578125,3.3355255126953125,1,1,False,Fixation
26.175,0.7533705830574036,0.9552043676376343,0.7089459896087646,0.9220631718635559,0.7311582863330841,0.9386337697505951,3.0455322265625,3.2779541015625,1,1,False,Fixation
26.192,0.7539278268814087,0.9538509845733643,0.7122724056243896,0.938813328742981,0.7331001162528992,0.9463321566581726,3.01715087890625,3.2287750244140625,1,1,False,Fixation
26.208,0.7428935170173645,0.960401713848114,0.7037070989608765,0.9274290800094604,0.7233003079891205,0.9439153969287872,2.9866485595703125,3.2123565673828125,1,1,False,Fixation
26.225,0.683322012424469,0.9675979614257812,0.6400970816612244,0.9344363212585449,0.6617095470428467,0.9510171413421631,2.9247283935546875,3.170623779296875,1,1,False,Fixation
26.241,0.6810598373413086,0.9652276039123535,0.6390107274055481,0.9324552416801453,0.6600352823734283,0.9488414227962494,2.8703460693359375,3.1138916015625,1,1,False,Fixation
26.258,0.6736565232276917,0.9660741686820984,0.6408406496047974,0.923323929309845,0.6572485864162445,0.9446990489959717,2.8502960205078125,3.0993499755859375,1,1,False,Fixation
26.275,0.6784613728523254,0.9582561254501343,0.640626847743988,0.9163627624511719,0.6595441102981567,0.9373094439506531,2.83978271484375,3.054443359375,1,1,False,Fixation
26.291,0.6779215931892395,0.9588823914527893,0.6410716772079468,0.9231827259063721,0.6594966351985931,0.9410325586795807,2.8139495849609375,3.0096435546875,1,1,False,Fixation
26.308,0.6808767318725586,0.9577304124832153,0.6438251733779907,0.9317123293876648,0.6623509526252747,0.9447213709354401,2.7998504638671875,3.00189208984375,1,1,False,Fixation
26.325,0.6814574003219604,0.9645150899887085,0.6403425931930542,0.924585223197937,0.6608999967575073,0.9445501565933228,2.7864837646484375,2.97735595703125,1,1,False,Fixation
26.341,0.6779308319091797,0.9747743606567383,0.6429749131202698,0.9271088242530823,0.6604528725147247,0.9509415924549103,2.7753143310546875,2.954620361328125,1,1,False,Fixation
26.358,0.680282711982727,0.9690686464309692,0.6452592015266418,0.9239234328269958,0.6627709567546844,0.9464960396289825,2.7719268798828125,2.9538116455078125,1,1,False,Fixation
26.375,0.6778826713562012,0.9668834805488586,0.6439501643180847,0.9222375154495239,0.6609164178371429,0.9445604979991913,2.7457427978515625,2.9364166259765625,1,1,False,Fixation
26.391,0.6778711676597595,0.9566572308540344,0.6398699879646301,0.9203587770462036,0.6588705778121948,0.938508003950119,2.738677978515625,2.9230194091796875,1,1,False,Fixation
26.408,0.6805949211120605,0.9623398184776306,0.6412135362625122,0.9176660776138306,0.6609042286872864,0.9400029480457306,2.738067626953125,2.9127655029296875,1,1,False,Fixation
26.425,0.6705113053321838,0.9575035572052002,0.6437501907348633,0.9310483336448669,0.6571307480335236,0.9442759454250336,2.7063751220703125,2.895477294921875,1,1,False,Fixation
26.441,0.670188844203949,0.9597615003585815,0.6378622055053711,0.9287470579147339,0.65402552485466,0.9442542791366577,2.701171875,2.9075927734375,1,1,False,Fixation
26.458,0.6699805855751038,0.9724776744842529,0.6379820108413696,0.9334934949874878,0.6539812982082367,0.9529855847358704,2.699066162109375,2.9163665771484375,1,1,False,Fixation
26.475,0.6752253174781799,0.9589596390724182,0.6370684504508972,0.9320288896560669,0.6561468839645386,0.9454942643642426,2.723236083984375,2.9011077880859375,1,1,False,Fixation
26.491,0.6766799092292786,0.9563078284263611,0.6388535499572754,0.9272633194923401,0.657766729593277,0.9417855739593506,2.71453857421875,2.9039459228515625,1,1,False,Fixation
26.508,0.6694185733795166,0.9694290161132812,0.6355928778648376,0.9284052848815918,0.6525057256221771,0.9489171504974365,2.719879150390625,2.9039154052734375,1,1,False,Fixation
26.525,0.6712228655815125,0.9703042507171631,0.6455581188201904,0.9262416362762451,0.6583904922008514,0.9482729434967041,2.713226318359375,2.895477294921875,1,1,False,Fixation
26.541,0.6720616221427917,0.9572493433952332,0.6425859928131104,0.9258168935775757,0.657323807477951,0.9415331184864044,2.7238922119140625,2.9201202392578125,1,1,False,Fixation
26.558,0.6744287014007568,0.9632896780967712,0.6397436857223511,0.9318609237670898,0.657086193561554,0.9475753009319305,2.7213287353515625,2.923248291015625,1,1,False,Fixation
26.575,0.6699164509773254,0.9543948173522949,0.6366404891014099,0.9372825026512146,0.6532784700393677,0.9458386600017548,2.732330322265625,2.9153900146484375,1,1,False,Fixation
26.591,0.6717385649681091,0.9577889442443848,0.6390845775604248,0.934186577796936,0.655411571264267,0.9459877610206604,2.7293853759765625,2.9019622802734375,1,1,False,Fixation
26.608,0.6781306266784668,0.9555571675300598,0.6347290277481079,0.9256083369255066,0.6564298272132874,0.9405827522277832,2.7103424072265625,2.898712158203125,1,1,False,Fixation
26.624,0.6772812008857727,0.9537724256515503,0.6390674114227295,0.9331284761428833,0.6581743061542511,0.9434504508972168,2.7163238525390625,2.9246978759765625,1,1,False,Fixation
26.641,0.6223902702331543,0.9522773623466492,0.5897322297096252,0.9262365102767944,0.6060612499713898,0.9392569363117218,2.74005126953125,2.953826904296875,1,1,False,Fixation
26.658,0.5805535316467285,0.9606741070747375,0.5562393665313721,0.9161766767501831,0.5683964490890503,0.9384253919124603,2.739227294921875,2.9481658935546875,1,1,False,Fixation
26.674,0.572422206401825,0.961435854434967,0.5464292764663696,0.91236412525177,0.5594257414340973,0.9368999898433685,2.7229156494140625,2.9555206298828125,1,1,False,Fixation
26.691,0.5715495944023132,0.9575778245925903,0.5548363327980042,0.9374009966850281,0.5631929636001587,0.9474894106388092,2.7264862060546875,2.96295166015625,1,1,False,Fixation
26.707,0.5711042284965515,0.9537498950958252,0.5501184463500977,0.9270009994506836,0.5606113374233246,0.9403754472732544,2.735015869140625,2.95037841796875,1,1,False,Fixation
26.724,0.5740833282470703,0.9564505219459534,0.551928699016571,0.9429675340652466,0.5630060136318207,0.9497090280056,2.737548828125,2.957794189453125,1,1,False,Fixation
26.741,0.5720750689506531,0.9588645696640015,0.5504661202430725,0.9430404901504517,0.5612705945968628,0.9509525299072266,2.7171478271484375,2.94415283203125,1,1,False,Fixation
26.757,0.5730571746826172,0.9524917006492615,0.5515292286872864,0.9493809938430786,0.5622932016849518,0.95093634724617,2.709808349609375,2.9361572265625,1,1,False,Fixation
26.774,0.575829267501831,0.9582585096359253,0.5513016581535339,0.942905843257904,0.5635654628276825,0.9505821764469147,2.699371337890625,2.927581787109375,1,1,False,Fixation
26.791,0.5777629613876343,0.9599137902259827,0.5453494787216187,0.937744677066803,0.5615562200546265,0.9488292336463928,2.715850830078125,2.9303741455078125,1,1,False,Fixation
26.807,0.5776658058166504,0.9598187208175659,0.5483550429344177,0.929088830947876,0.5630104243755341,0.944453775882721,2.721099853515625,2.941070556640625,1,1,False,Fixation
26.824,nan,nan,nan,nan,nan,nan,nan,nan,0,0,False,Saccade
26.841,nan,nan,nan,nan,nan,nan,nan,nan,0,0,False,Saccade
26.857,nan,nan,nan,nan,nan,nan,nan,nan,0,0,False,Saccade
26.874,nan,nan,nan,nan,nan,nan,nan,nan,0,0,False,Saccade
26.890,nan,nan,nan,nan,nan,nan,nan,nan,0,0,False,Saccade
26.907,nan,nan,nan,nan,nan,nan,nan,nan,0,0,False,Saccade
26.924,nan,nan,nan,nan,nan,nan,nan,nan,0,0,False,Saccade
26.940,0.5876849889755249,0.9377754926681519,0.5438136458396912,0.9250651597976685,0.565749317407608,0.9314203262329102,2.64306640625,2.9066009521484375,1,1,False,Saccade
26.957,0.5884811282157898,0.9576635956764221,0.549331545829773,0.9232859015464783,0.5689063370227814,0.9404747486114502,2.7266693115234375,2.941650390625,1,1,False,Fixation
26.974,0.5845991969108582,0.955516517162323,0.5544492602348328,0.9200189113616943,0.5695242285728455,0.9377677142620087,2.741180419921875,2.9361724853515625,1,1,False,Fixation
26.990,nan,nan,nan,nan,nan,nan,nan,nan,0,0,False,Saccade
27.007,nan,nan,nan,nan,nan,nan,nan,nan,0,0,False,Saccade
27.024,nan,nan,nan,nan,nan,nan,nan,nan,0,0,False,Saccade
27.040,nan,nan,nan,nan,nan,nan,nan,nan,0,0,False,Saccade
27.057,nan,nan,nan,nan,nan,nan,nan,nan,0,0,False,Saccade
27.074,nan,nan,nan,nan,nan,nan,nan,nan,0,0,False,Saccade
27.090,nan,nan,nan,nan,nan,nan,nan,nan,0,0,False,Saccade
27.107,0.25408175587654114,0.9188432097434998,nan,nan,nan,nan,2.8619384765625,nan,1,0,False,Saccade
27.123,0.26195842027664185,0.900471568107605,0.19334296882152557,0.8221588730812073,0.2276506945490837,0.8613152205944061,2.799530029296875,3.0716552734375,1,1,False,Saccade
27.140,0.26023510098457336,0.9028477072715759,0.20887801051139832,0.8373246788978577,0.23455655574798584,0.8700861930847168,2.7922515869140625,3.017303466796875,1,1,False,Fixation
27.157,0.2554204761981964,0.9035741686820984,nan,nan,nan,nan,2.800384521484375,nan,1,0,False,Saccade
27.173,0.261491060256958,0.9051946401596069,0.2172956019639969,0.845928430557251,0.23939333111047745,0.875561535358429,2.804840087890625,3.0240325927734375,1,1,False,Saccade
27.190,0.25806760787963867,0.8907887935638428,0.19641214609146118,0.8437361717224121,0.22723987698554993,0.8672624826431274,2.80029296875,3.0223236083984375,1,1,False,Fixation
27.207,0.2613014578819275,0.899511456489563,0.2004111409187317,0.8417423367500305,0.2308562994003296,0.8706268966197968,2.8086395263671875,3.03509521484375,1,1,False,Fixation
27.223,0.2612000107765198,0.9091961979866028,0.2073158174753189,0.832210123538971,0.23425791412591934,0.8707031607627869,2.8316497802734375,3.048553466796875,1,1,False,Fixation
27.240,0.2583130896091461,0.9087843298912048,0.20384028553962708,0.846472442150116,0.2310766875743866,0.8776283860206604,2.838592529296875,3.071624755859375,1,1,False,Fixation
27.257,0.25144311785697937,0.9162055850028992,0.2019122987985611,0.8368927240371704,0.22667770832777023,0.8765491545200348,2.8335723876953125,3.0716094970703125,1,1,False,Fixation
27.273,0.25579017400741577,0.8955522179603577,0.16920623183250427,0.8672804236412048,0.21249820291996002,0.8814163208007812,2.880828857421875,3.033538818359375,1,1,False,Fixation
27.290,nan,nan,nan,nan,nan,nan,nan,nan,0,0,False,Saccade
27.307,nan,nan,nan,nan,nan,nan,nan,nan,0,0,False,Saccade
27.323,nan,nan,nan,nan,nan,nan,nan,nan,0,0,False,Saccade
27.340,nan,nan,nan,nan,nan,nan,nan,nan,0,0,False,Saccade
27.357,nan,nan,nan,nan,nan,nan,nan,nan,0,0,False,Saccade
27.373,nan,nan,nan,nan,nan,nan,nan,nan,0,0,False,Saccade
27.390,nan,nan,nan,nan,nan,nan,nan,nan,0,0,False,Saccade
27.407,nan,nan,nan,nan,nan,nan,nan,nan,0,0,False,Saccade
27.423,nan,nan,nan,nan,nan,nan,nan,nan,0,0,False,Saccade
27.440,nan,nan,nan,nan,nan,nan,nan,nan,0,0,False,Saccade
27.456,nan,nan,nan,nan,nan,nan,nan,nan,0,0,False,Saccade
27.496,nan,nan,nan,nan,nan,nan,nan,nan,0,0,False,Saccade
27.512,nan,nan,nan,nan,nan,nan,nan,nan,0,0,False,Saccade
27.553,nan,nan,nan,nan,nan,nan,nan,nan,0,0,False,Saccade
27.570,nan,nan,nan,nan,nan,nan,nan,nan,0,0,False,Saccade
27.586,nan,nan,nan,nan,nan,nan,nan,nan,0,0,False,Saccade
27.603,0.17433053255081177,1.6368460655212402,0.11335234344005585,1.3019245862960815,0.1438414379954338,1.4693853259086609,3.530303955078125,3.5679473876953125,1,1,False,Saccade
27.619,0.1974065750837326,1.2095673084259033,0.11525128781795502,1.1760350465774536,0.1563289314508438,1.1928011775016785,3.312896728515625,3.5764617919921875,1,1,False,Fixation
27.636,0.2521728575229645,0.86480712890625,0.18864403665065765,0.772575855255127,0.22040844708681107,0.8186914920806885,3.368560791015625,3.6705474853515625,1,1,False,Fixation
27.653,0.24465207755565643,0.8471692204475403,0.1992783546447754,0.7242047786712646,0.2219652161002159,0.7856869995594025,3.33575439453125,3.67340087890625,1,1,False,Fixation
27.669,0.2436966598033905,0.8706821203231812,0.19056342542171478,0.7446441650390625,0.21713004261255264,0.8076631426811218,3.304779052734375,3.587799072265625,1,1,False,Fixation
27.686,0.24703283607959747,0.8530194759368896,0.19760651886463165,0.7484588027000427,0.22231967747211456,0.8007391393184662,3.27911376953125,3.56915283203125,1,1,False,Fixation
27.702,0.2512771189212799,0.8557354807853699,0.19916024804115295,0.7608240842819214,0.22521868348121643,0.8082797825336456,3.285888671875,3.5767364501953125,1,1,False,Fixation
27.719,0.2516036927700043,0.8649365305900574,nan,nan,nan,nan,3.28277587890625,nan,1,0,False,Saccade
27.736,0.24873477220535278,0.8630161881446838,0.18786977231502533,0.7402918934822083,0.21830227226018906,0.801654040813446,3.28955078125,3.57781982421875,1,1,False,Saccade
27.752,0.2510842978954315,0.8542947769165039,0.19382071495056152,0.7532458305358887,0.22245250642299652,0.8037703037261963,3.2994537353515625,3.6027069091796875,1,1,False,Fixation
27.769,0.25297218561172485,0.8649678826332092,0.19545331597328186,0.7571941614151001,0.22421275079250336,0.8110810220241547,3.3098297119140625,3.6117706298828125,1,1,False,Fixation
27.786,0.2530999481678009,0.8646597266197205,0.191913902759552,0.7715206742286682,0.22250692546367645,0.8180902004241943,3.317352294921875,3.634521484375,1,1,False,Fixation
27.802,0.25417178869247437,0.8670713305473328,0.19156333804130554,0.7765262722969055,0.22286756336688995,0.8217988014221191,3.3359375,3.6466217041015625,1,1,False,Fixation
27.819,0.25202450156211853,0.8668245077133179,0.1936686933040619,0.7515677213668823,0.2228465974330902,0.8091961145401001,3.338653564453125,3.6449127197265625,1,1,False,Fixation
27.836,0.2511087954044342,0.8612882494926453,0.18868058919906616,0.7572757601737976,0.21989469230175018,0.8092820048332214,3.34454345703125,3.66473388671875,1,1,False,Fixation
27.852,0.2504737675189972,0.8547019958496094,0.18523822724819183,0.7701835632324219,0.2178559973835945,0.8124427795410156,3.34771728515625,3.666229248046875,1,1,False,Fixation
27.869,0.2531469464302063,0.8568404912948608,0.18904663622379303,0.7737528681755066,0.22109679132699966,0.8152966797351837,3.3574371337890625,3.67376708984375,1,1,False,Fixation
27.885,0.2515440285205841,0.8620008826255798,0.1961359679698944,0.768367350101471,0.22383999824523926,0.8151841163635254,3.3769073486328125,3.6974945068359375,1,1,False,Fixation
27.902,0.2526191174983978,0.8708974719047546,0.1933242380619049,0.7720168232917786,0.22297167778015137,0.8214571475982666,3.383270263671875,3.7036895751953125,1,1,False,Fixation
27.919,0.25092172622680664,0.8585085868835449,0.1892632693052292,0.772003710269928,0.2200924977660179,0.8152561485767365,3.3919830322265625,3.70294189453125,1,1,False,Fixation
27.935,0.2510213553905487,0.8595615029335022,0.19241584837436676,0.766060471534729,0.22171860188245773,0.8128109872341156,3.3966827392578125,3.7234954833984375,1,1,False,Fixation
27.952,0.2513081133365631,0.8624757528305054,0.1946689337491989,0.7716315984725952,0.222988523542881,0.8170536756515503,3.403839111328125,3.7304534912109375,1,1,False,Fixation
27.969,0.25399765372276306,0.876474142074585,0.19464388489723206,0.7745802402496338,0.22432076930999756,0.8255271911621094,3.4149932861328125,3.7379608154296875,1,1,False,Fixation
27.985,0.252207487821579,0.8748084306716919,0.19618238508701324,0.7783357501029968,0.2241949364542961,0.8265720903873444,3.41583251953125,3.7579193115234375,1,1,False,Fixation
28.002,0.2654128968715668,0.8643046617507935,0.2038709968328476,0.7699321508407593,0.23464194685220718,0.8171184062957764,3.4215240478515625,3.764434814453125,1,1,False,Fixation
28.019,0.2640742361545563,0.8586717247962952,0.20701268315315247,0.7743741869926453,0.23554345965385437,0.8165229558944702,3.436859130859375,3.76165771484375,1,1,False,Fixation
28.035,0.26589831709861755,0.8647371530532837,0.2060582935810089,0.7744318842887878,0.23597830533981323,0.8195845186710358,3.4465179443359375,3.775909423828125,1,1,False,Fixation
28.052,0.2658543884754181,0.8621212244033813,0.21141409873962402,0.768663227558136,0.23863424360752106,0.8153922259807587,3.4524078369140625,3.784423828125,1,1,False,Fixation
28.069,0.2666420340538025,0.8660703897476196,0.2180728018283844,0.7681606411933899,0.24235741794109344,0.8171155154705048,3.4598846435546875,3.8215789794921875,1,1,False,Fixation
28.085,0.2667432725429535,0.8724741339683533,0.2162800431251526,0.7710579633712769,0.24151165783405304,0.8217660486698151,3.4690399169921875,3.831298828125,1,1,False,Fixation
28.102,nan,nan,nan,nan,nan,nan,nan,nan,0,0,False,Saccade
28.119,nan,nan,nan,nan,nan,nan,nan,nan,0,0,False,Saccade
28.135,nan,nan,0.21324370801448822,0.8145302534103394,nan,nan,nan,3.9260406494140625,0,1,False,Saccade
28.152,nan,nan,nan,nan,nan,nan,nan,nan,0,0,False,Saccade
28.168,0.2434852570295334,0.9399269223213196,nan,nan,nan,nan,3.593963623046875,nan,1,0,False,Saccade
28.185,0.2581561505794525,0.9086673259735107,0.2087998241186142,0.7661348581314087,0.23347798734903336,0.8374010920524597,3.5867156982421875,3.8607635498046875,1,1,False,Saccade
28.202,0.2639982998371124,0.879619836807251,0.2127813696861267,0.7738544940948486,0.23838983476161957,0.8267371654510498,3.519927978515625,3.867950439453125,1,1,False,Fixation
28.218,0.2640226483345032,0.8768613934516907,0.2138112336397171,0.7739375233650208,0.23891694098711014,0.8253994584083557,3.520111083984375,3.8802032470703125,1,1,False,Fixation
28.235,0.2644973695278168,0.8672224879264832,0.22260946035385132,0.7718155980110168,0.24355341494083405,0.81951904296875,3.52191162109375,3.8985443115234375,1,1,False,Fixation
28.252,0.274978905916214,0.8493096828460693,0.2228735238313675,0.7750599980354309,0.24892621487379074,0.8121848404407501,3.4918365478515625,3.89453125,1,1,False,Fixation
28.268,0.2582046389579773,0.8671560883522034,0.21640631556510925,0.7640994787216187,0.23730547726154327,0.815627783536911,3.516510009765625,3.865264892578125,1,1,False,Fixation
28.285,0.2615055739879608,0.8703184127807617,0.2230551391839981,0.7736012935638428,0.24228035658597946,0.8219598531723022,3.5260162353515625,3.88604736328125,1,1,False,Fixation
28.301,0.26388421654701233,0.8748881220817566,0.22106847167015076,0.7707545757293701,0.24247634410858154,0.8228213489055634,3.5243988037109375,3.8912811279296875,1,1,False,Fixation
28.318,0.2593606412410736,0.8686397671699524,0.22185541689395905,0.7688565254211426,0.24060802906751633,0.8187481462955475,3.531646728515625,3.8878631591796875,1,1,False,Fixation
28.335,0.26040855050086975,0.8692742586135864,0.21726667881011963,0.7761222720146179,0.2388376146554947,0.8226982653141022,3.54071044921875,3.8819122314453125,1,1,False,Fixation
28.351,0.2590949535369873,0.8769780993461609,0.2135753184556961,0.7796952724456787,0.2363351359963417,0.8283366858959198,3.53900146484375,3.886932373046875,1,1,False,Fixation
28.368,0.2569126784801483,0.8747912645339966,0.21744954586029053,0.7812889218330383,0.23718111217021942,0.8280400931835175,3.5406341552734375,3.8943023681640625,1,1,False,Fixation
28.385,0.2620445489883423,0.879365861415863,0.22043408453464508,0.7656611204147339,0.24123931676149368,0.8225134909152985,3.538330078125,3.9005889892578125,1,1,False,Fixation
28.401,0.2596965730190277,0.881203293800354,0.217430979013443,0.7649899125099182,0.23856377601623535,0.8230966031551361,3.531585693359375,3.89642333984375,1,1,False,Fixation
28.418,0.26075559854507446,0.8698465824127197,0.21440622210502625,0.7750735282897949,0.23758091032505035,0.8224600553512573,3.5349578857421875,3.8947601318359375,1,1,False,Fixation
28.435,0.25612640380859375,0.8669857978820801,0.2207247018814087,0.7832030057907104,0.23842555284500122,0.8250944018363953,3.5377655029296875,3.9065399169921875,1,1,False,Fixation
28.451,0.25887951254844666,0.8693428635597229,0.21977199614048004,0.7699276804924011,0.23932575434446335,0.819635272026062,3.54058837890625,3.9057159423828125,1,1,False,Fixation
28.468,0.2596879005432129,0.8794936537742615,0.2185714691877365,0.7709410190582275,0.2391296848654747,0.8252173364162445,3.5399932861328125,3.9054718017578125,1,1,False,Fixation
28.485,0.2630438208580017,0.8841789364814758,0.22112585604190826,0.7754741311073303,0.242084838449955,0.8298265337944031,3.5380401611328125,3.898773193359375,1,1,False,Fixation
28.501,0.2635766565799713,0.880407452583313,0.2179809808731079,0.7750121355056763,0.2407788187265396,0.8277097940444946,3.534423828125,3.8875579833984375,1,1,False,Fixation
28.518,0.2575846314430237,0.8768405318260193,0.21552427113056183,0.7779196500778198,0.23655445128679276,0.8273800909519196,3.5408172607421875,3.889373779296875,1,1,False,Fixation
28.534,0.25837498903274536,0.8734408020973206,0.210398331284523,0.7794538736343384,0.23438666015863419,0.8264473378658295,3.5411834716796875,3.887969970703125,1,1,False,Fixation
28.551,0.26384127140045166,0.8761688470840454,0.2089436948299408,0.7852709293365479,0.23639248311519623,0.8307198882102966,3.542022705078125,3.8865509033203125,1,1,False,Fixation
28.568,0.260871946811676,0.8818708658218384,0.21333451569080353,0.7731339931488037,0.23710323125123978,0.827502429485321,3.55084228515625,3.8833160400390625,1,1,False,Fixation
28.584,0.2620505094528198,0.8688751459121704,0.2043590396642685,0.7669183611869812,0.23320477455854416,0.8178967535495758,3.5436248779296875,3.875823974609375,1,1,False,Fixation
28.601,0.2606683671474457,0.8758372068405151,0.20194606482982635,0.7691777944564819,0.23130721598863602,0.8225075006484985,3.535552978515625,3.8671417236328125,1,1,False,Fixation
28.618,0.26073384284973145,0.8730119466781616,0.20768237113952637,0.782977283000946,0.2342081069946289,0.8279946148395538,3.5439300537109375,3.87451171875,1,1,False,Fixation
28.634,0.2610553503036499,0.8709325790405273,0.20644572377204895,0.7790542244911194,0.23375053703784943,0.8249934017658234,3.5419158935546875,3.881561279296875,1,1,False,Fixation
28.651,0.2623487710952759,0.8815707564353943,0.2072019875049591,0.7814202904701233,0.2347753793001175,0.8314955234527588,3.5405426025390625,3.886505126953125,1,1,False,Fixation
28.668,0.26215070486068726,0.8789301514625549,nan,nan,nan,nan,3.5384521484375,nan,1,0,False,Saccade
28.684,0.26071178913116455,0.876742422580719,0.2053406536579132,0.7673867344856262,0.23302622139453888,0.8220645785331726,3.522735595703125,3.879669189453125,1,1,False,Saccade
28.701,0.2640813887119293,0.8735760450363159,0.2043769359588623,0.774126410484314,0.2342291623353958,0.8238512277603149,3.5183563232421875,3.8884735107421875,1,1,False,Fixation
28.718,0.26034459471702576,0.8780285716056824,0.2085033357143402,0.7745599150657654,0.23442396521568298,0.8262942433357239,3.525299072265625,3.8876800537109375,1,1,False,Fixation
28.734,0.25988733768463135,0.8730563521385193,0.20400221645832062,0.7680571675300598,0.23194477707147598,0.8205567598342896,3.51873779296875,3.8841400146484375,1,1,False,Fixation
28.751,0.25880348682403564,0.8663474917411804,0.20463646948337555,0.7744144201278687,0.2317199781537056,0.8203809559345245,3.5287628173828125,3.8846893310546875,1,1,False,Fixation
28.767,0.2633097469806671,0.8727034330368042,0.20243337750434875,0.768687903881073,0.23287156224250793,0.8206956684589386,3.5307464599609375,3.8857269287109375,1,1,False,Fixation
28.784,0.2636794447898865,0.8749932646751404,0.20838388800621033,0.7602330446243286,0.2360316663980484,0.8176131546497345,3.542755126953125,3.8973846435546875,1,1,False,Fixation
28.801,nan,nan,0.20784348249435425,0.7636045813560486,nan,nan,nan,3.9104461669921875,0,1,False,Saccade
28.817,0.2624618411064148,0.9058193564414978,0.20400546491146088,0.7629178762435913,0.23323365300893784,0.8343686163425446,3.6061859130859375,3.9097442626953125,1,1,False,Saccade
28.834,0.26238811016082764,0.8655665516853333,0.20627006888389587,0.7572834491729736,0.23432908952236176,0.8114250004291534,3.54022216796875,3.8985595703125,1,1,False,Fixation
28.851,0.26060155034065247,0.8659965395927429,0.2044861912727356,0.762109637260437,0.23254387080669403,0.81405308842659,3.5254974365234375,3.891998291015625,1,1,False,Fixation
28.867,0.25760307908058167,0.8580061793327332,0.20994240045547485,0.76129549741745,0.23377273976802826,0.8096508383750916,3.5098876953125,3.8888397216796875,1,1,False,Fixation
28.884,0.26033633947372437,0.8609011769294739,0.20646381378173828,0.7633329033851624,0.23340007662773132,0.8121170401573181,3.5191650390625,3.895111083984375,1,1,False,Fixation
28.900,0.2701621353626251,0.8459495902061462,0.20866593718528748,0.7584887742996216,0.2394140362739563,0.8022191822528839,3.4796905517578125,3.900665283203125,1,1,False,Fixation
28.917,nan,nan,0.21017338335514069,0.7531597018241882,nan,nan,nan,3.869903564453125,0,1,False,Saccade
28.934,0.2649262845516205,0.8442771434783936,0.21157832443714142,0.7576135396957397,0.23825230449438095,0.8009453415870667,3.4746246337890625,3.8925933837890625,1,1,False,Saccade
28.950,0.2231873720884323,0.8721374273300171,0.17298410832881927,0.7577987909317017,0.1980857402086258,0.8149681091308594,3.51397705078125,3.89422607421875,1,1,False,Fixation
28.967,0.2080603390932083,0.8778095245361328,0.1546320915222168,0.7612218260765076,0.18134621530771255,0.8195156753063202,3.517852783203125,3.8903350830078125,1,1,False,Fixation
28.984,0.20549078285694122,0.8742942214012146,0.14803621172904968,0.7645605802536011,0.17676349729299545,0.8194274008274078,3.5105133056640625,3.877777099609375,1,1,False,Fixation
29.000,0.20729093253612518,0.8725387454032898,0.14955094456672668,0.7575321793556213,0.17842093855142593,0.8150354623794556,3.4969635009765625,3.87493896484375,1,1,False,Fixation
29.017,0.20406487584114075,0.8700178265571594,0.15185700356960297,0.7622965574264526,0.17796093970537186,0.816157191991806,3.497833251953125,3.8709869384765625,1,1,False,Fixation
